mean_absolute_error,mean_square_error,mean_absolute_percentage_error,log_poisson_loss,r_square
0.2668074071407318,0.16412833333015442,72.35639190673828,0.10098985582590103,-4927.27197265625
0.1454649269580841,0.07187528908252716,64.25297546386719,-0.0688057541847229,-0.20822088420391083
0.14103417098522186,0.0686754360795021,58.66168975830078,-0.0682259276509285,-0.1692020744085312
0.13567371666431427,0.061700303107500076,57.052398681640625,-0.07450735569000244,-0.13274095952510834
0.12888656556606293,0.05654974654316902,54.126651763916016,-0.06528592109680176,-0.12316820025444031
0.12628918886184692,0.0556853711605072,53.550289154052734,-0.06426464021205902,-0.30942216515541077
0.12403164058923721,0.05407202988862991,51.29017639160156,-0.04841811954975128,-0.7059462070465088
0.130227193236351,0.05788199231028557,56.697261810302734,-0.05916416272521019,-3.537663459777832
0.12734001874923706,0.052535343915224075,52.01820373535156,-0.05029081925749779,-10.894264221191406
0.1238076463341713,0.05079566314816475,49.110042572021484,-0.04611285775899887,-8.608424186706543
0.12141808122396469,0.04977700859308243,50.30741882324219,-0.05342109128832817,-4.737974166870117
0.12106014788150787,0.04978243634104729,49.31261444091797,-0.04932336509227753,-4.1615095138549805
0.12406395375728607,0.052043914794921875,51.52513122558594,-0.04739470034837723,-5.913846969604492
0.12095117568969727,0.05017128586769104,49.70257568359375,-0.04599760100245476,-7.4831976890563965
0.12153562903404236,0.05074482038617134,50.554603576660156,-0.04863566905260086,-5.205685138702393
0.1208813488483429,0.04929359629750252,50.048282623291016,-0.05290192738175392,-5.8021931648254395
0.11976505070924759,0.04889647662639618,47.88149642944336,-0.045243989676237106,-5.272183895111084
0.12123621255159378,0.04993326589465141,51.60186004638672,-0.054625581949949265,-4.961789608001709
0.1198686808347702,0.04924315959215164,50.44602584838867,-0.04951107129454613,-5.619827747344971
0.12059400230646133,0.04874158278107643,48.71184158325195,-0.05125837028026581,-4.844757556915283
0.11927495151758194,0.049175288528203964,51.34620666503906,-0.05325233191251755,-5.546276569366455
0.11852366477251053,0.04809202626347542,48.20344543457031,-0.0513596311211586,-3.949087142944336
0.1183212473988533,0.048705410212278366,50.4139404296875,-0.04793311655521393,-5.292562007904053
0.12026546895503998,0.0481199286878109,50.5903434753418,-0.053567081689834595,-6.1333465576171875
0.1165260598063469,0.0478535033762455,50.56931686401367,-0.050282690674066544,-5.640391826629639
0.11924386024475098,0.04838014394044876,49.795833587646484,-0.053386393934488297,-4.015873908996582
0.11957026273012161,0.04984792321920395,49.328468322753906,-0.043248578906059265,-3.9277849197387695
0.12195120006799698,0.04939913749694824,51.060455322265625,-0.0562579445540905,-9.760769844055176
0.11882471293210983,0.04795818403363228,49.76249694824219,-0.04979167878627777,-7.858417987823486
0.1195601150393486,0.04788503423333168,50.56372833251953,-0.0541895255446434,-5.579954624176025
0.11702602356672287,0.04671201854944229,47.851619720458984,-0.04716184362769127,-6.0872111320495605
0.11776640266180038,0.04781756177544594,51.528629302978516,-0.051318902522325516,-6.112239360809326
0.11626274138689041,0.04625127464532852,48.96967315673828,-0.05078417807817459,-6.0822906494140625
0.1163845956325531,0.04678710177540779,50.26681137084961,-0.05472562089562416,-4.013299465179443
0.11648289859294891,0.0477663092315197,49.33617401123047,-0.047376684844493866,-4.948845386505127
0.11603055894374847,0.046458229422569275,50.383056640625,-0.05428040772676468,-5.087477207183838
0.11538733541965485,0.04567274823784828,49.55046463012695,-0.054700978100299835,-5.96762228012085
0.11416220664978027,0.04540994018316269,49.98358917236328,-0.05428814888000488,-4.697225093841553
0.12023071199655533,0.050430286675691605,50.60332489013672,-0.045890435576438904,-6.700172424316406
0.11776714026927948,0.04668933525681496,50.7009162902832,-0.051939789205789566,-7.593820571899414
0.11710109561681747,0.0460958294570446,47.87095642089844,-0.0520559623837471,-6.143064022064209
0.11247176676988602,0.044826045632362366,48.36648178100586,-0.054329074919223785,-4.918966293334961
0.11195292323827744,0.04433105140924454,48.87457275390625,-0.05632723495364189,-2.7858059406280518
0.11495813727378845,0.04609078913927078,49.38728332519531,-0.05203412100672722,-3.497696876525879
0.11494623124599457,0.04628857970237732,49.03486633300781,-0.049007516354322433,-5.091479778289795
0.11472261697053909,0.045229099690914154,49.429588317871094,-0.05641398951411247,-3.329207181930542
0.11246095597743988,0.0445403978228569,47.5630989074707,-0.05230681225657463,-3.989871025085449
0.11081413924694061,0.044024765491485596,47.89809036254883,-0.05425040423870087,-3.430605173110962
0.11028772592544556,0.043609388172626495,48.00666427612305,-0.0541146881878376,-2.4729583263397217
0.11098106950521469,0.04352256655693054,49.28125,-0.05742471665143967,-2.0410521030426025
0.11003781110048294,0.043293923139572144,47.730377197265625,-0.05508599430322647,-2.6408450603485107
0.11260698735713959,0.04581092298030853,51.35942077636719,-0.05631279572844505,-2.7013299465179443
0.11493517458438873,0.04592425376176834,50.01017761230469,-0.06039508432149887,-2.813243865966797
0.11290190368890762,0.044727884232997894,48.151973724365234,-0.04678173363208771,-4.541136741638184
0.10932913422584534,0.04293232411146164,47.67585754394531,-0.05801904574036598,-3.514781951904297
0.10921381413936615,0.042673494666814804,48.64234161376953,-0.05252743139863014,-2.9893147945404053
0.10891039669513702,0.042361579835414886,48.00798416137695,-0.05726657435297966,-3.19333553314209
0.10869955271482468,0.04167735576629639,47.71659469604492,-0.056163325905799866,-3.798556089401245
0.10590323060750961,0.04077286645770073,48.46343231201172,-0.05972043424844742,-2.1641175746917725
0.11091706901788712,0.04353729262948036,47.00727844238281,-0.05075865983963013,-3.16178822517395
0.1090870052576065,0.041864775121212006,48.57445526123047,-0.06450487673282623,-3.018669366836548
0.10642754286527634,0.04118078202009201,46.959625244140625,-0.055409401655197144,-2.8899850845336914
0.10535372048616409,0.04044361412525177,48.2650260925293,-0.05900898948311806,-2.8912055492401123
0.10812816023826599,0.0424501858651638,46.81331253051758,-0.05301973968744278,-2.6849138736724854
0.10808715969324112,0.04102017357945442,48.22922134399414,-0.05569338798522949,-2.984236001968384
0.10665067285299301,0.04083344712853432,47.60557174682617,-0.05932207778096199,-4.264102935791016
0.10404092073440552,0.03917810693383217,46.17426681518555,-0.056899115443229675,-2.1765859127044678
0.10545658320188522,0.03977265954017639,48.028255462646484,-0.06174607574939728,-3.1656665802001953
0.10218130797147751,0.038452185690402985,47.0340690612793,-0.06239453703165054,-1.4618922472000122
0.101019486784935,0.038360413163900375,47.417030334472656,-0.06046879664063454,-1.475589632987976
0.10569491982460022,0.04059671610593796,47.26156234741211,-0.057449549436569214,-2.8431246280670166
0.1054963544011116,0.039585553109645844,47.28196716308594,-0.05695422738790512,-3.562466859817505
0.10270719975233078,0.038368962705135345,47.31336975097656,-0.05767179653048515,-2.8829262256622314
0.10102980583906174,0.03806726261973381,46.11294937133789,-0.058729737997055054,-1.900435447692871
0.0982733964920044,0.03611781820654869,45.346736907958984,-0.06087560951709747,-0.9511443972587585
0.09692946076393127,0.035491492599248886,45.636863708496094,-0.0635281503200531,-1.557076096534729
0.09801504015922546,0.035917896777391434,45.15635299682617,-0.06499188393354416,-1.0017942190170288
0.09692713618278503,0.03511328995227814,44.245872497558594,-0.060842014849185944,-1.4313055276870728
0.0960843563079834,0.03468949720263481,44.327354431152344,-0.06462695449590683,-1.1147018671035767
0.09581603854894638,0.034551337361335754,45.22648620605469,-0.060424961149692535,-1.2740641832351685
0.09799916297197342,0.035398807376623154,46.6570930480957,-0.06740240752696991,-1.6510653495788574
0.09445039182901382,0.03357353061437607,43.99587631225586,-0.05961418151855469,-1.6594692468643188
0.09399699419736862,0.032971471548080444,43.5265007019043,-0.06363290548324585,-1.2193814516067505
0.09161018580198288,0.03143205866217613,44.07266616821289,-0.06719893217086792,-0.8727051615715027
0.09423049539327621,0.033357009291648865,43.923213958740234,-0.05891920253634453,-1.8874807357788086
0.09524112939834595,0.033730652183294296,47.124942779541016,-0.06763549149036407,-2.0682826042175293
0.09265212714672089,0.03150545805692673,44.24681854248047,-0.06419529765844345,-2.3904950618743896
0.09071554243564606,0.031231554225087166,44.274932861328125,-0.061058368533849716,-1.198651909828186
0.08931540697813034,0.030324652791023254,42.215641021728516,-0.06607356667518616,-1.2043410539627075
0.0863712802529335,0.028129128739237785,42.67610549926758,-0.06887209415435791,-1.1774495840072632
0.08576511591672897,0.028369495645165443,40.718406677246094,-0.06590671837329865,-0.8752376437187195
0.08417309820652008,0.02738845720887184,41.99790573120117,-0.06693779677152634,-2.5313832759857178
0.08394774794578552,0.026718152686953545,40.43073272705078,-0.06559576839208603,-0.6458657383918762
0.08526642620563507,0.027988437563180923,41.96084976196289,-0.06928025931119919,-0.7398428320884705
0.08545909076929092,0.027851948514580727,43.47383499145508,-0.06849227100610733,-2.5141773223876953
0.087098129093647,0.02949601039290428,42.73670959472656,-0.059562962502241135,-1.1736353635787964
0.08724368363618851,0.028592322021722794,43.44322204589844,-0.0715031623840332,-0.7999109625816345
0.08096446841955185,0.025383444502949715,40.55588912963867,-0.06588685512542725,-0.7339465022087097
0.07946067303419113,0.024587195366621017,39.730567932128906,-0.06808463484048843,-1.4659847021102905
0.0772758275270462,0.023283574730157852,38.9728889465332,-0.06941497325897217,-0.3194185793399811
0.07787057757377625,0.023320689797401428,39.90542984008789,-0.07026436179876328,-0.37495818734169006
0.07854549586772919,0.023884622380137444,40.246097564697266,-0.07124744355678558,-1.1352815628051758
0.07492326200008392,0.02179277315735817,38.17596435546875,-0.07043226063251495,-0.26203474402427673
0.07458476722240448,0.022503701969981194,37.11754608154297,-0.07055822014808655,-0.11585690826177597
0.07676633447408676,0.023144477978348732,39.93882369995117,-0.0728832483291626,-0.027723750099539757
0.07304828613996506,0.021024808287620544,37.35791015625,-0.06948773562908173,-0.06826188415288925
0.0694434717297554,0.019478967413306236,34.420719146728516,-0.07043252885341644,0.11598926782608032
0.06931076943874359,0.01922404021024704,35.78207015991211,-0.07352910935878754,-0.021486839279532433
0.06788930296897888,0.018648769706487656,34.44407272338867,-0.0692107230424881,-0.07267645746469498
0.0766080692410469,0.023477790877223015,39.972496032714844,-0.07454840838909149,-0.886171817779541
0.07709259539842606,0.02334192767739296,38.9018440246582,-0.06799227744340897,-0.04644719883799553
0.07577420026063919,0.023214228451251984,38.1367301940918,-0.07185690104961395,-0.036385536193847656
0.0809122696518898,0.02577657252550125,39.55030059814453,-0.07128141075372696,-0.11497680097818375
0.0758335292339325,0.023465368896722794,38.97487258911133,-0.07002319395542145,0.10855889320373535
0.07322026044130325,0.02112666703760624,36.79087448120117,-0.06954307854175568,-0.28402456641197205
0.06971006095409393,0.01905655674636364,35.61021041870117,-0.07104393094778061,-0.31851571798324585
0.06587604433298111,0.01730932481586933,33.888885498046875,-0.07222400605678558,0.1687738299369812
0.06936309486627579,0.01966390758752823,36.67724609375,-0.07149254530668259,-0.3445699214935303
0.0682985857129097,0.01882573403418064,35.77975845336914,-0.07268911600112915,-0.10119704157114029
0.06402047723531723,0.016215452924370766,33.221961975097656,-0.07413104176521301,0.0067511796951293945
0.06352348625659943,0.016049029305577278,33.982940673828125,-0.07386215031147003,-0.10029812902212143
0.06493019312620163,0.01706051081418991,33.67018127441406,-0.07318457961082458,0.13444866240024567
0.06212039664387703,0.015533705241978168,32.48905944824219,-0.07283305376768112,-0.014341155998408794
0.05953168123960495,0.014107145369052887,31.214645385742188,-0.07615860551595688,-0.03226451203227043
0.05781588330864906,0.013669186271727085,30.383317947387695,-0.07451501488685608,0.09689086675643921
0.05625329166650772,0.01252430584281683,29.004770278930664,-0.0781928300857544,0.12123894691467285
0.05681206285953522,0.013110408559441566,30.98829460144043,-0.07397198677062988,0.07816233485937119
0.0552826002240181,0.012147241272032261,29.683326721191406,-0.07638496905565262,0.2159378081560135
0.057885631918907166,0.013838476501405239,30.750059127807617,-0.07472904026508331,0.14769122004508972
0.058178991079330444,0.013297663070261478,31.78020668029785,-0.07635372132062912,0.07749965041875839
0.05507231876254082,0.011878794990479946,29.816579818725586,-0.07473067939281464,0.20085974037647247
0.06244747340679169,0.017096225172281265,32.798912048339844,-0.0758298859000206,0.15204152464866638
0.0617753341794014,0.015282148495316505,33.40202713012695,-0.07406918704509735,0.08757153898477554
0.05872543528676033,0.013911611400544643,31.166336059570312,-0.0768604427576065,0.29476597905158997
0.05561045929789543,0.012562202289700508,28.942501068115234,-0.07492010295391083,0.20831423997879028
0.054533492773771286,0.011940786615014076,28.59915542602539,-0.07691042125225067,0.125202015042305
0.054016221314668655,0.01157531887292862,28.123323440551758,-0.07624701410531998,0.11158088594675064
0.052364569157361984,0.010744764469563961,28.734792709350586,-0.07703599333763123,0.3124445378780365
0.050552282482385635,0.010218716226518154,26.832109451293945,-0.07677577435970306,0.2752520740032196
0.05017103999853134,0.010057678446173668,26.482074737548828,-0.0771607905626297,0.2840626537799835
0.04838017001748085,0.009244280867278576,26.422138214111328,-0.07853086292743683,0.24815793335437775
0.04839722812175751,0.00964340753853321,25.226165771484375,-0.07514096796512604,0.3156481981277466
0.047957804054021835,0.008950512856245041,25.150833129882812,-0.08093174546957016,0.21376343071460724
0.04560471698641777,0.008218158036470413,24.99744415283203,-0.07732237130403519,0.20126847922801971
0.043966446071863174,0.007710238918662071,23.03658103942871,-0.07810673862695694,0.3002784252166748
0.04390082135796547,0.007676665671169758,22.61305809020996,-0.07690820097923279,0.15943962335586548
0.04486052319407463,0.007721731439232826,24.078292846679688,-0.08214133232831955,0.24007141590118408
0.04376065358519554,0.007459032349288464,23.504411697387695,-0.07635712623596191,0.1881209760904312
0.04305059462785721,0.007262488827109337,22.70108985900879,-0.07931359112262726,0.10316542536020279
0.04262463375926018,0.007127716671675444,23.372461318969727,-0.07761143893003464,0.2571215033531189
0.043762922286987305,0.0074810185469686985,22.58475112915039,-0.07938232272863388,0.1377071738243103
0.041723158210515976,0.006864516064524651,22.2473201751709,-0.07834696024656296,0.1246066465973854
0.04311397671699524,0.007526761386543512,22.993003845214844,-0.07928580790758133,0.32175198197364807
0.04259154200553894,0.0070030041970312595,22.95746612548828,-0.07755392789840698,0.2182828187942505
0.040887534618377686,0.006455020047724247,22.037883758544922,-0.07960744947195053,0.32067427039146423
0.04084714874625206,0.006555825937539339,20.98743438720703,-0.0795603021979332,0.3027389943599701
0.040657516568899155,0.00658544572070241,21.66031837463379,-0.07786130160093307,0.3592102825641632
0.04186563193798065,0.006843965500593185,21.898643493652344,-0.08003223687410355,0.20832718908786774
0.04046136513352394,0.006247356068342924,21.99079132080078,-0.0779993012547493,0.2255886048078537
0.03958338871598244,0.005901203956454992,20.99689483642578,-0.08005394786596298,0.3237384259700775
0.03828135132789612,0.005610487889498472,20.12874984741211,-0.08070974797010422,0.2665480673313141
0.03761274740099907,0.005376598332077265,20.210927963256836,-0.07939264923334122,0.36896494030952454
0.03674705699086189,0.005122701171785593,19.86748504638672,-0.08029608428478241,0.400877445936203
0.0350029319524765,0.004640711937099695,18.400981903076172,-0.07972156256437302,0.3134414851665497
0.03533888980746269,0.0046585965901613235,18.586999893188477,-0.07970600575208664,0.4218222200870514
0.034440916031599045,0.00441462267190218,18.451894760131836,-0.08108141273260117,0.38475513458251953
0.03273072466254234,0.004012103658169508,17.029878616333008,-0.08018943667411804,0.4322091341018677
0.03233897313475609,0.0038797592278569937,16.923593521118164,-0.08110940456390381,0.3057084381580353
0.031182317063212395,0.003623536555096507,16.015228271484375,-0.08070622384548187,0.43462619185447693
0.03113987110555172,0.00357714481651783,15.961792945861816,-0.07998278737068176,0.4017259180545807
0.031546685844659805,0.0035422497894614935,16.245851516723633,-0.08096533268690109,0.37588706612586975
0.030269134789705276,0.0033380400855094194,15.722467422485352,-0.0814516693353653,0.4314366579055786
0.02975965104997158,0.0031560079660266638,14.895527839660645,-0.0809156596660614,0.40731868147850037
0.029661474749445915,0.0032043515238910913,15.692828178405762,-0.08056320995092392,0.37918737530708313
0.029339728876948357,0.0030872891657054424,15.394264221191406,-0.08133668452501297,0.38275042176246643
0.02894015610218048,0.0029877149499952793,15.154949188232422,-0.08086676150560379,0.42597344517707825
0.029074257239699364,0.003053822787478566,15.209589004516602,-0.08101420849561691,0.37124374508857727
0.028627360239624977,0.0028871940448880196,14.602495193481445,-0.08103856444358826,0.4263705015182495
0.028511052951216698,0.002850103424862027,14.621594429016113,-0.08156123012304306,0.45223450660705566
0.027790796011686325,0.002752572763711214,14.54742431640625,-0.08181992918252945,0.4064371585845947
0.027416910976171494,0.002684741746634245,14.192856788635254,-0.081020787358284,0.45396408438682556
0.02779224142432213,0.002839289139956236,14.82718276977539,-0.08195147663354874,0.4586654603481293
0.02853497676551342,0.0029014437459409237,14.89936351776123,-0.08139592409133911,0.4197940528392792
0.028741491958498955,0.002881814492866397,15.347644805908203,-0.08134430646896362,0.38048991560935974
0.0279788076877594,0.0027399109676480293,14.498467445373535,-0.08061004430055618,0.4228275716304779
0.026790237054228783,0.0025512492284178734,13.689885139465332,-0.08137702941894531,0.4595907926559448
0.025603584945201874,0.0022751532960683107,13.260599136352539,-0.08148492127656937,0.4372369945049286
0.025056879967451096,0.0021548441145569086,12.441055297851562,-0.08175257593393326,0.46757635474205017
0.02388797141611576,0.001931593636982143,12.639564514160156,-0.08144126832485199,0.4775637686252594
0.02291695773601532,0.0017782390350475907,11.616067886352539,-0.08192869275808334,0.46696043014526367
0.022487500682473183,0.0017496532527729869,11.084831237792969,-0.08167646080255508,0.46850404143333435
0.02316983975470066,0.0018413731595501304,11.78403377532959,-0.08228374272584915,0.4641851484775543
0.023291796445846558,0.0018643303774297237,11.987579345703125,-0.08163381367921829,0.43795445561408997
0.023523429408669472,0.0019114542519673705,12.545233726501465,-0.08245515823364258,0.48166489601135254
0.023776734247803688,0.0019105019746348262,12.497071266174316,-0.08148791640996933,0.4227658808231354
0.022984668612480164,0.0017857913626357913,11.874327659606934,-0.08217477053403854,0.4850064218044281
0.022456027567386627,0.0016737651312723756,11.478013038635254,-0.08223137259483337,0.4739261567592621
0.022057855501770973,0.001641591778025031,11.164484024047852,-0.0812961757183075,0.5004470944404602
0.02134755067527294,0.0015016766265034676,10.455883979797363,-0.08262776583433151,0.4453446865081787
0.02076375111937523,0.0014266500947996974,10.53306770324707,-0.08201906830072403,0.5026671886444092
0.02087434194982052,0.0014379110652953386,10.759737968444824,-0.08220721781253815,0.40541204810142517
0.02062346413731575,0.0014274929417297244,10.075386047363281,-0.08237574994564056,0.5024200081825256
0.02064678445458412,0.0014246097998693585,10.45197868347168,-0.08211177587509155,0.49013781547546387
0.021204322576522827,0.0015166128287091851,11.046756744384766,-0.08168256282806396,0.4968820810317993
0.022385166957974434,0.0016971961595118046,11.411371231079102,-0.08276964724063873,0.46686092019081116
0.022085875272750854,0.001659744419157505,11.3466215133667,-0.08211372047662735,0.49906983971595764
0.021478040143847466,0.0015650333371013403,11.296483993530273,-0.08226829022169113,0.49894681572914124
0.021574707701802254,0.0016275884117931128,11.285256385803223,-0.0819518193602562,0.5069791078567505
0.022723499685525894,0.0018081358866766095,12.444279670715332,-0.08179594576358795,0.4841541349887848
0.022365236654877663,0.001733780256472528,11.57007122039795,-0.08163918554782867,0.5000207424163818
0.021429069340229034,0.001573476125486195,11.607344627380371,-0.08288460969924927,0.4798141419887543
0.01967191882431507,0.0012974910205230117,10.41952133178711,-0.08212891966104507,0.5148603320121765
0.018588315695524216,0.0011257953010499477,9.833088874816895,-0.08197113126516342,0.5069260597229004
0.018504347652196884,0.0011284858919680119,9.251860618591309,-0.08220452815294266,0.5152605175971985
0.018777115270495415,0.0011748777469620109,9.505695343017578,-0.08218777924776077,0.46282854676246643
0.017761705443263054,0.0010383608750998974,8.730445861816406,-0.08275170624256134,0.5197412967681885
0.01681448705494404,0.0009168794495053589,8.21884536743164,-0.08278293907642365,0.5181363224983215
0.01695156656205654,0.0009511224343441427,8.397716522216797,-0.08219584822654724,0.5207154154777527
0.01648527756333351,0.0008925116853788495,8.142956733703613,-0.08252444863319397,0.5048081278800964
0.016670187935233116,0.0008842239622026682,8.102790832519531,-0.08262922614812851,0.5263248085975647
0.015886884182691574,0.000821063295006752,7.555444717407227,-0.08252061903476715,0.514220118522644
0.01558440551161766,0.0007980765076354146,7.778589248657227,-0.08291775733232498,0.5152482390403748
0.015433977358043194,0.0007637626840732992,7.728924751281738,-0.08259903639554977,0.5160139799118042
0.015881944447755814,0.0008179150754585862,7.913221836090088,-0.08242642134428024,0.5069016814231873
0.016665300354361534,0.0009165058727376163,8.226683616638184,-0.08301319926977158,0.5262961387634277
0.016792459413409233,0.0009188904659822583,8.638226509094238,-0.08216113597154617,0.5120040774345398
0.016692403703927994,0.0009296969510614872,8.783502578735352,-0.08270466327667236,0.5320495963096619
0.016545670107007027,0.0008977334364317358,8.230484962463379,-0.082382433116436,0.5247980356216431
0.016504520550370216,0.0008846955024637282,8.352651596069336,-0.08244342356920242,0.49487629532814026
0.01707206666469574,0.0009820244740694761,8.701225280761719,-0.08261474967002869,0.5191537737846375
0.018437828868627548,0.0011227766517549753,9.425358772277832,-0.08204229176044464,0.5119107961654663
0.017686648294329643,0.0010456009767949581,9.122187614440918,-0.08299200981855392,0.5134820938110352
0.017508741468191147,0.001032358268275857,8.932760238647461,-0.08302683383226395,0.5266458988189697
0.01717868261039257,0.0009744480485096574,8.641510963439941,-0.08242546766996384,0.5236330628395081
0.017038382589817047,0.0009650642750784755,9.047419548034668,-0.08248069137334824,0.5306766033172607
0.017774159088730812,0.0010716781252995133,8.918374061584473,-0.08233855664730072,0.3350609838962555
0.018046658486127853,0.0010882643982768059,9.318018913269043,-0.08267317712306976,0.5288496017456055
0.017746344208717346,0.0010417409939691424,8.72415828704834,-0.0819140300154686,0.5242360830307007
0.0178363174200058,0.0010596553329378366,9.319291114807129,-0.08289916813373566,0.5088982582092285
0.018538139760494232,0.0011477789375931025,10.063940048217773,-0.08225449919700623,0.524279773235321
0.018395813181996346,0.0011466997675597668,9.426715850830078,-0.08253021538257599,0.5298312306404114
0.018155314028263092,0.0010987517889589071,9.258687019348145,-0.08216750621795654,0.5355596542358398
0.01783660426735878,0.0010426508961245418,9.183430671691895,-0.08219485729932785,0.5259191393852234
0.017625082284212112,0.0010270019993185997,9.519432067871094,-0.08241395652294159,0.5365666747093201
0.017778968438506126,0.001074885600246489,9.522942543029785,-0.08213484287261963,0.531411349773407
0.017511388286948204,0.0010217915987595916,9.705890655517578,-0.08325210958719254,0.5345061421394348
0.016582652926445007,0.0009015414398163557,9.038896560668945,-0.08206041157245636,0.5287753343582153
0.017016679048538208,0.0009543927735649049,9.015250205993652,-0.0829588770866394,0.5382937788963318
0.016252510249614716,0.0008633226389065385,8.315473556518555,-0.08218442648649216,0.5288805961608887
0.016674235463142395,0.0009313535410910845,9.305745124816895,-0.08230078220367432,0.5386883616447449
0.015951061621308327,0.0008387069101445377,8.80418872833252,-0.08251582086086273,0.5426114797592163
0.015301789157092571,0.0007449340191669762,7.684471607208252,-0.08231515437364578,0.5419682860374451
0.015054508112370968,0.000735138077288866,7.3521552085876465,-0.08271078765392303,0.5450432896614075
0.015428785234689713,0.0007849418907426298,7.943612098693848,-0.08264675736427307,0.5454785227775574
0.015376998111605644,0.0007923308294266462,8.178046226501465,-0.08214820921421051,0.5257339477539062
0.015532229095697403,0.0007862311904318631,7.824049949645996,-0.08318773657083511,0.5399109721183777
0.015548290684819221,0.0008090581395663321,7.989817142486572,-0.08232364803552628,0.5349721312522888
0.016461053863167763,0.0008916486403904855,8.632027626037598,-0.0829058438539505,0.5379501581192017
0.01704918034374714,0.0009628572151996195,8.62075424194336,-0.08201385289430618,0.5406526923179626
0.01658414490520954,0.0009018047712743282,8.489762306213379,-0.08279748260974884,0.5438211560249329
0.017181895673274994,0.000980895827524364,9.11201000213623,-0.08267185091972351,0.5375887751579285
0.01729300431907177,0.0009943527402356267,8.750306129455566,-0.08215402811765671,0.5393278002738953
0.01684301160275936,0.0009479189175181091,8.551568031311035,-0.08210369199514389,0.5396687388420105
0.01804172247648239,0.0011201991001144052,9.547417640686035,-0.08243875205516815,0.5436310172080994
0.01846398413181305,0.0011651352979242802,9.919451713562012,-0.08288316428661346,0.5425963997840881
0.018155084922909737,0.0011334987357258797,10.010997772216797,-0.08222584426403046,0.5467131733894348
0.018198862671852112,0.0011191461235284805,9.934738159179688,-0.08202172070741653,0.5440736413002014
0.01832091622054577,0.0011415366316214204,9.960997581481934,-0.08209822326898575,0.5428353548049927
0.018629109486937523,0.001218081684783101,10.5133056640625,-0.0825672522187233,0.5377129316329956
0.019315602257847786,0.0012718492653220892,11.14997386932373,-0.08192978799343109,0.5391314029693604
0.0192048791795969,0.0012914635008201003,10.1737060546875,-0.08267496526241302,0.540317952632904
0.019083593040704727,0.001236426061950624,10.613332748413086,-0.0817190483212471,0.5414875149726868
0.018330615013837814,0.001121206907555461,9.576025009155273,-0.0829802080988884,0.5435214638710022
0.01763681322336197,0.0010294417152181268,9.516666412353516,-0.08258502185344696,0.5480498671531677
0.016205234453082085,0.0008616470149718225,8.3047513961792,-0.08204285055398941,0.5489140748977661
0.01581873744726181,0.000824541028123349,8.19089126586914,-0.08281563222408295,0.5524932742118835
0.01582649163901806,0.0008481034310534596,8.5983247756958,-0.0817440003156662,0.5454347729682922
0.0157940536737442,0.0008302576025016606,8.546635627746582,-0.08284606784582138,0.5455495119094849
0.015562743879854679,0.0007984209223650396,8.462247848510742,-0.08215352892875671,0.5534139275550842
0.01564541459083557,0.0008116007666103542,8.51582145690918,-0.08251333236694336,0.5520596504211426
0.015550075098872185,0.0008277452434413135,8.395181655883789,-0.08251576125621796,0.5417601466178894
0.015611193142831326,0.0008269880781881511,8.260350227355957,-0.0821220651268959,0.5550208687782288
0.017113352194428444,0.0009840668644756079,9.301321029663086,-0.08280055969953537,0.5432437062263489
0.01617935299873352,0.0008764498634263873,8.723803520202637,-0.08289454132318497,0.5496867299079895
0.016066357493400574,0.0008469431195408106,8.463525772094727,-0.08228366076946259,0.5526978969573975
0.016121068969368935,0.0008563268929719925,8.434954643249512,-0.08237247169017792,0.5495122671127319
0.014925934374332428,0.0007266065222211182,8.10110855102539,-0.08239466696977615,0.551140308380127
0.014504849910736084,0.0006826145108789206,7.639672756195068,-0.08227251470088959,0.5563230514526367
0.01437223982065916,0.0006671236478723586,7.386236190795898,-0.0824468582868576,0.5552074313163757
0.015094425529241562,0.0007419548346661031,7.871212959289551,-0.08281116932630539,0.5460394024848938
0.014951578341424465,0.0007292686495929956,7.754269123077393,-0.08246981352567673,0.5552127957344055
0.01589141972362995,0.0008238913724198937,8.133283615112305,-0.0820399671792984,0.5540167689323425
0.01664663292467594,0.0009254998294636607,8.903681755065918,-0.08274080604314804,0.5527373552322388
0.016574524343013763,0.0009303289698436856,8.979793548583984,-0.08256155252456665,0.5495508909225464
0.016475317999720573,0.0009092050604522228,8.902015686035156,-0.08233644813299179,0.5479921698570251
0.01604907400906086,0.0008628404466435313,8.567476272583008,-0.08251036703586578,0.5464403629302979
0.015435934998095036,0.0007927331607788801,8.350351333618164,-0.08219411969184875,0.5545336604118347
0.01506014447659254,0.0007470999262295663,7.790448188781738,-0.08213558793067932,0.5572879910469055
0.015711277723312378,0.0008217461290769279,8.100722312927246,-0.08288510888814926,0.5494692921638489
0.015576263889670372,0.0008052979246713221,7.886476516723633,-0.08257990330457687,0.5586085319519043
0.015256211161613464,0.0007927451515570283,8.122954368591309,-0.08190376311540604,0.5542852878570557
0.0156632661819458,0.0008285313379019499,8.322112083435059,-0.08254076540470123,0.5473802089691162
0.016352340579032898,0.0009307263535447419,9.01322078704834,-0.08260942250490189,0.5486847758293152
0.01633794605731964,0.0009071605163626373,8.81557559967041,-0.08196540176868439,0.5530629754066467
0.016032656654715538,0.0008659762679599226,8.555191040039062,-0.08220943063497543,0.554082453250885
0.01599091663956642,0.0008578090346418321,8.544573783874512,-0.08219275623559952,0.5562095642089844
0.01625785045325756,0.0008732001879252493,8.60209846496582,-0.0824824869632721,0.5560901761054993
0.015945089980959892,0.0008385731489397585,8.374597549438477,-0.08238918334245682,0.5627994537353516
0.015077514573931694,0.0007662061252631247,8.348355293273926,-0.08254732191562653,0.561120331287384
0.014372008852660656,0.0006733312620781362,7.360601902008057,-0.08229386806488037,0.563289999961853
0.01305534690618515,0.0005561495199799538,6.812957286834717,-0.08278089761734009,0.568762481212616
0.012745964340865612,0.0005355362081900239,6.748587131500244,-0.08262544125318527,0.5643119215965271
0.012629332020878792,0.0005082305870018899,6.760097980499268,-0.0823138877749443,0.57008957862854
0.012880944646894932,0.0005491922493092716,6.970346927642822,-0.08214277774095535,0.5690236687660217
0.012563575990498066,0.000508356315549463,6.831148147583008,-0.08249258995056152,0.5671014189720154
0.012104079127311707,0.00047636678209528327,6.182651519775391,-0.08259046077728271,0.5706754326820374
0.011755009181797504,0.00044686358887702227,5.8673810958862305,-0.08296643197536469,0.570643961429596
0.011534043587744236,0.0004213819629512727,5.885677337646484,-0.08256834745407104,0.5707374215126038
0.011742543429136276,0.00044071514275856316,5.8447747230529785,-0.08283733576536179,0.5684295296669006
0.011847271583974361,0.00045245856745168567,6.208733558654785,-0.08255701512098312,0.5676447153091431
0.011512186378240585,0.0004256489046383649,6.024850368499756,-0.0825585424900055,0.572542130947113
0.011236223392188549,0.0004181338881608099,5.802799701690674,-0.08284711837768555,0.5703960061073303
0.011751048266887665,0.0004518388886936009,6.020092010498047,-0.08255981653928757,0.5705260634422302
0.012201889418065548,0.0004917203332297504,6.438101768493652,-0.08272746205329895,0.5713836550712585
0.012788796797394753,0.0005405825795605779,6.768895626068115,-0.08277012407779694,0.5691849589347839
0.014114147052168846,0.0006649935967288911,8.092805862426758,-0.08167494088411331,0.5657939910888672
0.015575466677546501,0.000839001324493438,8.538549423217773,-0.0827774927020073,0.571166455745697
0.016492385417222977,0.0009597897878848016,9.821806907653809,-0.08228752762079239,0.5677317976951599
0.017776815220713615,0.0011284403735771775,10.356352806091309,-0.0825018361210823,0.5661751627922058
0.019527092576026917,0.0013653376372531056,10.664917945861816,-0.08263377845287323,0.5511935353279114
0.019868088886141777,0.0013826893409714103,10.307328224182129,-0.08155697584152222,0.5592675805091858
0.019905418157577515,0.0013754029059782624,10.687418937683105,-0.0814373716711998,0.559598982334137
0.02053775265812874,0.0015105532947927713,11.866541862487793,-0.08201580494642258,0.5585821866989136
0.022892342880368233,0.0019510055426508188,14.028910636901855,-0.08163895457983017,0.554273784160614
0.05884825810790062,0.01938369870185852,28.309917449951172,-0.074834443628788,0.2973685562610626
0.09529709070920944,0.03745478391647339,47.961238861083984,-0.06350764632225037,-0.004575987812131643
0.09071769565343857,0.03293347731232643,46.10453796386719,-0.06844206899404526,0.2591247260570526
0.08298622071743011,0.028669200837612152,42.497276306152344,-0.06360180675983429,0.2632748782634735
0.08359336107969284,0.027949554845690727,44.06039047241211,-0.07526751607656479,-0.4808274209499359
0.06934542953968048,0.019741030409932137,36.79777908325195,-0.07309848815202713,0.36318543553352356
0.057170569896698,0.012759201228618622,31.786272048950195,-0.07802224904298782,0.4118518531322479
0.053570814430713654,0.011318366043269634,30.440523147583008,-0.07275119423866272,0.42124804854393005
0.044161614030599594,0.00745157478377223,23.602510452270508,-0.07974053174257278,0.391164630651474
0.038157831877470016,0.005369324702769518,20.17729377746582,-0.07990215718746185,0.48117002844810486
0.03315146267414093,0.003874029964208603,17.71579360961914,-0.07975661009550095,0.44519543647766113
0.029174823313951492,0.0029349622782319784,15.214726448059082,-0.08047280460596085,0.5005388259887695
0.026148173958063126,0.002339483005926013,14.209646224975586,-0.08273370563983917,0.5070157051086426
0.02367011457681656,0.0018415257800370455,11.743157386779785,-0.08047155290842056,0.529096245765686
0.02123071625828743,0.001490495982579887,10.628355026245117,-0.08177734166383743,0.5269274711608887
0.02011771686375141,0.001309458282776177,9.9602689743042,-0.08263977617025375,0.5441470146179199
0.018218424171209335,0.0010610049357637763,8.730757713317871,-0.08168842643499374,0.5442302227020264
0.017410703003406525,0.0009552119881846011,8.10445785522461,-0.08238392323255539,0.5490898489952087
0.016518620774149895,0.0008461997495032847,7.509903430938721,-0.0822242796421051,0.5511958003044128
0.015333729796111584,0.000723169301636517,7.057210445404053,-0.08190359175205231,0.5559313893318176
0.014319823123514652,0.0006298919324763119,6.4339704513549805,-0.08240717649459839,0.5566712617874146
0.013577214442193508,0.00056537362979725,5.86879301071167,-0.08229802548885345,0.558060348033905
0.012925844639539719,0.0005182949244044721,5.518477916717529,-0.08250712603330612,0.56112140417099
0.012430544942617416,0.0004884428926743567,5.594931125640869,-0.08232011646032333,0.5594074726104736
0.012041072361171246,0.00043992497376166284,5.058343410491943,-0.0826243981719017,0.5613603591918945
0.011620279401540756,0.00041187790338881314,5.1422505378723145,-0.08237206935882568,0.5634921789169312
0.01106322929263115,0.0003736708022188395,4.722625732421875,-0.08258489519357681,0.5647026896476746
0.010881570167839527,0.0003612852597143501,4.535467147827148,-0.08257268369197845,0.5668086409568787
0.01038449164479971,0.0003260503290221095,4.384074687957764,-0.08255241811275482,0.5700767040252686
0.010037874802947044,0.0003053209511563182,4.440438270568848,-0.08265819400548935,0.5682580471038818
0.009737643413245678,0.00028691525221802294,3.8571887016296387,-0.08257818222045898,0.5719186663627625
0.009444784373044968,0.0002681917103473097,3.978379964828491,-0.08267778158187866,0.5720036029815674
0.009321155957877636,0.00025915453443303704,3.8894870281219482,-0.08260855078697205,0.5740928053855896
0.009300043806433678,0.000260329368757084,3.817302942276001,-0.08255628496408463,0.5726854205131531
0.008960769511759281,0.00024074010434560478,3.647681951522827,-0.0828593522310257,0.5749618411064148
0.008703173138201237,0.00022671290207654238,3.494126319885254,-0.0827561765909195,0.5751639008522034
0.008496293798089027,0.00021416618255898356,3.2746665477752686,-0.08268792927265167,0.5766935348510742
0.00828925333917141,0.00020549511827994138,3.309770107269287,-0.08251594752073288,0.5768627524375916
0.008186737075448036,0.00020203407621011138,3.321946382522583,-0.08266708254814148,0.5775707364082336
0.008426698856055737,0.000216895408811979,3.635359764099121,-0.0828738659620285,0.5779914259910583
0.008460795506834984,0.00021918359561823308,3.665353775024414,-0.0826684981584549,0.5783843398094177
0.008272685110569,0.00020992390636820346,3.5236897468566895,-0.08284609019756317,0.5745353102684021
0.00812283530831337,0.00019994280592072755,3.422750949859619,-0.08276379108428955,0.5771463513374329
0.008135107345879078,0.0002037005906458944,3.490621566772461,-0.08283749222755432,0.5769441723823547
0.008364156819880009,0.00021727054263465106,3.481271982192993,-0.08266942948102951,0.5767751336097717
0.008474757894873619,0.00022363245079759508,3.6577038764953613,-0.08259125053882599,0.5787891745567322
0.008534539490938187,0.0002195496781496331,3.658118724822998,-0.08310515433549881,0.5829391479492188
0.008526540361344814,0.00022028929379303008,3.850051164627075,-0.08243443071842194,0.5803257822990417
0.008144182153046131,0.0002026222791755572,3.6325247287750244,-0.08294280618429184,0.5823731422424316
0.008307697251439095,0.00020749180112034082,3.6849403381347656,-0.08266942948102951,0.583325207233429
0.008214638568460941,0.00020339927868917584,3.648461103439331,-0.08286871761083603,0.5846639275550842
0.007939144968986511,0.00019086294923909009,3.5203585624694824,-0.08264907449483871,0.5821307301521301
0.00775420106947422,0.00018094277766067535,3.293433666229248,-0.0829460397362709,0.5858685374259949
0.007706610485911369,0.0001826200314098969,3.282038688659668,-0.08259310573339462,0.5846810936927795
0.00794911291450262,0.00019537750631570816,3.511429786682129,-0.08290030807256699,0.582455575466156
0.008529864251613617,0.00022818717116024345,3.8449559211730957,-0.08272942155599594,0.5795338153839111
0.009165422059595585,0.0002629989758133888,4.18133544921875,-0.08263164758682251,0.5784862041473389
0.008975435979664326,0.0002476318913977593,4.15077543258667,-0.08327265828847885,0.5803003907203674
0.009263540618121624,0.00026182757574133575,4.448196887969971,-0.08262663334608078,0.5835966467857361
0.009582906030118465,0.0002910998882725835,4.774381160736084,-0.08250986039638519,0.5862153768539429
0.010058953426778316,0.00033150851959362626,4.970811367034912,-0.08268451690673828,0.5839835405349731
0.009685737080872059,0.0003022793971467763,4.5838236808776855,-0.08296898007392883,0.5860520005226135
0.010108293034136295,0.00033467684988863766,4.707597732543945,-0.0826076939702034,0.5858179926872253
0.009846623986959457,0.0003043186152353883,4.8825836181640625,-0.08278807252645493,0.5873575806617737
0.009762503206729889,0.00029845352401025593,4.653552055358887,-0.08300627768039703,0.5814033150672913
0.009906918741762638,0.00030820327810943127,4.897607803344727,-0.08267641812562943,0.5825164914131165
0.010225537233054638,0.00032617864781059325,5.03518533706665,-0.08275377750396729,0.5832259654998779
0.010311991907656193,0.0003351722552906722,5.104334354400635,-0.08258739113807678,0.5858992338180542
0.010434944182634354,0.0003510982496663928,5.562989711761475,-0.08274271339178085,0.5815597176551819
0.010066228918731213,0.0003209507849533111,4.941258907318115,-0.08291901648044586,0.5845090746879578
0.009589241817593575,0.00029659137362614274,4.787357807159424,-0.08263728022575378,0.5803553462028503
0.009804449044167995,0.0003028921491932124,4.913727283477783,-0.08271307498216629,0.5764171481132507
0.009791393764317036,0.0003119789471384138,4.947059631347656,-0.08291751146316528,0.57807856798172
0.009836940094828606,0.00030278341728262603,4.778395175933838,-0.08250689506530762,0.5829195976257324
0.010356418788433075,0.00034416685230098665,5.137058258056641,-0.08296294510364532,0.5850264430046082
0.009666834026575089,0.0002929920156020671,4.713562965393066,-0.08277937024831772,0.5815286040306091
0.00923613179475069,0.00026488699950277805,4.63620662689209,-0.08277516812086105,0.5845443606376648
0.008821677416563034,0.00024305167607963085,4.250068664550781,-0.08240657299757004,0.5844022035598755
0.009025709703564644,0.0002579526917543262,4.687094688415527,-0.08298944681882858,0.5837851166725159
0.009148414246737957,0.0002657441364135593,4.836103916168213,-0.08271226286888123,0.5820984244346619
0.009573825635015965,0.0002961906138807535,4.907590389251709,-0.08265596628189087,0.5858370065689087
0.009856069460511208,0.00030848043388687074,5.136408805847168,-0.08279475569725037,0.5885602831840515
0.009899062104523182,0.00031845245393924415,4.9229512214660645,-0.08263780921697617,0.5869436264038086
0.010111887939274311,0.00033841427648440003,5.291899681091309,-0.08291919529438019,0.5862485766410828
0.01007987279444933,0.00033175290445797145,5.303369998931885,-0.08288494497537613,0.5857357382774353
0.009736649692058563,0.00031116476748138666,4.89089298248291,-0.08238194137811661,0.5860574841499329
0.010118432343006134,0.0003286119026597589,5.139256954193115,-0.08302605152130127,0.5875902771949768
0.010257518850266933,0.00033794890623539686,5.10522985458374,-0.08272487670183182,0.5876710414886475
0.010319557040929794,0.00034788978518918157,5.542276859283447,-0.08289254456758499,0.5883165597915649
0.010082390159368515,0.00032130646286532283,5.155588626861572,-0.08261667937040329,0.5839243531227112
0.009657767601311207,0.00029543277923949063,4.663191795349121,-0.08291718363761902,0.5851166844367981
0.010107621550559998,0.0003306301077827811,5.402441024780273,-0.08245006203651428,0.5861839652061462
0.010401353240013123,0.0003623655065894127,5.265671253204346,-0.08285996317863464,0.5856823921203613
0.010834472253918648,0.0003952148836106062,5.626016616821289,-0.08285359293222427,0.5855503678321838
0.010803894139826298,0.0003847502521239221,5.8678669929504395,-0.08221221715211868,0.586903989315033
0.010751951485872269,0.0003716740175150335,5.592646598815918,-0.08327165246009827,0.5875452160835266
0.010451621375977993,0.0003471992677077651,5.34538459777832,-0.08254615217447281,0.5890248417854309
0.010450921952724457,0.00035642649163492024,5.589888095855713,-0.08272543549537659,0.5908891558647156
0.010478783398866653,0.00036728999111801386,5.345752716064453,-0.08243973553180695,0.5885180830955505
0.01035790890455246,0.0003576173912733793,5.353693008422852,-0.08281007409095764,0.5876564979553223
0.010927707888185978,0.00040021026507019997,5.684088230133057,-0.08256295323371887,0.5855615735054016
0.011691956780850887,0.00046366138849407434,6.10750675201416,-0.08283767104148865,0.5838338732719421
0.012364603579044342,0.0005177004495635629,6.741330146789551,-0.08233960717916489,0.5835910439491272
0.012589387595653534,0.000545243383385241,6.668911457061768,-0.08279979974031448,0.5841575264930725
0.013072296977043152,0.0005793909076601267,6.927785873413086,-0.08269423246383667,0.5845744609832764
0.013237196020781994,0.0005958483088761568,7.340095520019531,-0.08269517123699188,0.5868759155273438
0.012832392007112503,0.0005555825773626566,7.230258464813232,-0.08234456926584244,0.5879073739051819
0.011987319216132164,0.00048720696941018105,6.131042957305908,-0.08244778960943222,0.5838685631752014
0.011899572797119617,0.0004763187316711992,6.532177448272705,-0.08274150639772415,0.5830891132354736
0.012089114636182785,0.000494751613587141,6.563522815704346,-0.08314111083745956,0.5838177800178528
0.012589965015649796,0.0005456283106468618,6.949373722076416,-0.08227714151144028,0.5848225951194763
0.011916879564523697,0.0004804152704309672,6.244618892669678,-0.08290625363588333,0.5809211730957031
0.011663845740258694,0.0004562955000437796,6.1069746017456055,-0.08228377252817154,0.5862743258476257
0.012319483794271946,0.0005115336389280856,6.64867639541626,-0.08279266208410263,0.5805751085281372
0.012403011322021484,0.0005202465690672398,6.482805252075195,-0.08235520124435425,0.5849297642707825
0.01203832495957613,0.0004918290651403368,6.175052642822266,-0.08290844410657883,0.5870411396026611
0.011818609200417995,0.00046345620648935437,6.200491905212402,-0.0824110358953476,0.5870663523674011
0.011442424729466438,0.0004291072255000472,5.927681922912598,-0.08268371224403381,0.588092029094696
0.011456004343926907,0.00043784009176306427,6.309412956237793,-0.08289819955825806,0.5855216383934021
0.011180083267390728,0.0004087584966327995,6.05867862701416,-0.08254548162221909,0.5908285975456238
0.011047163978219032,0.0004038196348119527,6.00023889541626,-0.08252175897359848,0.5880540013313293
0.010947228409349918,0.00039918028051033616,5.822646617889404,-0.08238285779953003,0.5900641083717346
0.011029093526303768,0.00040053302654996514,5.920886516571045,-0.08274942636489868,0.590104877948761
0.011017137207090855,0.00040461125900037587,5.90153694152832,-0.08272715657949448,0.5897727012634277
0.010917775332927704,0.00038911806768737733,5.812530517578125,-0.08240427076816559,0.5911993980407715
0.011053146794438362,0.00040152555448003113,6.041769027709961,-0.08282465487718582,0.58933025598526
0.011134261265397072,0.00040860241279006004,6.001089096069336,-0.08285596966743469,0.5888428092002869
0.010635892860591412,0.0003721359826158732,5.76666259765625,-0.08239101618528366,0.5906241536140442
0.010616623796522617,0.0003762574924621731,5.417639255523682,-0.08278220891952515,0.5874540209770203
0.01057885680347681,0.00038131626206450164,5.4519476890563965,-0.08251029253005981,0.5881497263908386
0.010978513397276402,0.00040926950168795884,6.0188188552856445,-0.08280026912689209,0.5898171067237854
0.011553202755749226,0.00045097427209839225,6.269301414489746,-0.08246471732854843,0.5908872485160828
0.011904395185410976,0.00048611758393235505,6.643945217132568,-0.0824967473745346,0.5876511335372925
0.012141285464167595,0.0004861587658524513,6.5296711921691895,-0.08234219253063202,0.5897592902183533
0.013038150034844875,0.0005567119806073606,7.1314005851745605,-0.08304627239704132,0.5893581509590149
0.012546245940029621,0.0005367525154724717,6.902046203613281,-0.08256693184375763,0.5881639719009399
0.012656926177442074,0.0005482548731379211,6.887681484222412,-0.08231719583272934,0.5827425122261047
0.013115867041051388,0.0005853209877386689,6.892131328582764,-0.08311720192432404,0.5834559202194214
0.013646762818098068,0.0006195104797370732,7.280028820037842,-0.0823613703250885,0.5825087428092957
0.013006110675632954,0.0005728553514927626,7.3041863441467285,-0.08247026801109314,0.5891688466072083
0.013949784450232983,0.0006467982893809676,7.3517889976501465,-0.08292867243289948,0.580624520778656
0.013900707475841045,0.0006592182326130569,7.587689399719238,-0.08237575739622116,0.5808148980140686
0.013252765871584415,0.0005950064514763653,7.407797336578369,-0.08281369507312775,0.5803036689758301
0.013981293886899948,0.0006760319229215384,7.84437370300293,-0.08243729919195175,0.5834431052207947
0.01386997476220131,0.0006585358059965074,7.7617058753967285,-0.08204296231269836,0.5876460075378418
0.013519596308469772,0.0006484318291768432,7.2046217918396,-0.08246172964572906,0.5856019258499146
0.013216388411819935,0.0006088722147978842,7.0899434089660645,-0.08297046273946762,0.5885025858879089
0.013688485138118267,0.0006345614674501121,7.415894031524658,-0.08183328807353973,0.589796781539917
0.013658449985086918,0.0006335497018881142,7.80341100692749,-0.08254078775644302,0.5909594893455505
0.013492832891643047,0.0006169015541672707,7.800549507141113,-0.08227422833442688,0.587723433971405
0.013462387956678867,0.0006185979000292718,7.320178985595703,-0.0830925926566124,0.586203932762146
0.013495936058461666,0.0006162190111353993,7.30392599105835,-0.08200602233409882,0.5868824124336243
0.013303791172802448,0.0005951058701612055,7.179949760437012,-0.08305484801530838,0.5863547325134277
