loss,val_loss
0.39157068729400635,0.18652752041816711
0.131140798330307,0.08396238088607788
0.08057098835706711,0.06190575286746025
0.06832672655582428,0.058368850499391556
0.06478317081928253,0.053886204957962036
0.06143729016184807,0.05274485796689987
0.05873262509703636,0.04909169301390648
0.05687761306762695,0.05235389992594719
0.05576077476143837,0.0468113049864769
0.05594941973686218,0.047003768384456635
0.05380652844905853,0.046068206429481506
0.05358028784394264,0.045293115079402924
0.05347823351621628,0.04705161228775978
0.05240847170352936,0.04368678480386734
0.05224759504199028,0.045021895319223404
0.05356724560260773,0.04586370289325714
0.051396068185567856,0.04508568346500397
0.050876494497060776,0.045954279601573944
0.0519162155687809,0.04719315469264984
0.053453657776117325,0.04924144223332405
0.05198618397116661,0.04342883452773094
0.050636690109968185,0.04392815753817558
0.05002917721867561,0.044681742787361145
0.050067536532878876,0.04122389853000641
0.04979903623461723,0.044534631073474884
0.049488529562950134,0.0419938787817955
0.049271441996097565,0.04104740545153618
0.04964381828904152,0.042350322008132935
0.04940836504101753,0.042144775390625
0.04884122684597969,0.04126676172018051
0.04953085258603096,0.04251160845160484
0.049288757145404816,0.04102902114391327
0.047966234385967255,0.041825827211141586
0.04759984463453293,0.04395388811826706
0.04748658835887909,0.04375481605529785
0.04730815067887306,0.041851624846458435
0.04702187702059746,0.042245469987392426
0.046302299946546555,0.04567953199148178
0.046539295464754105,0.04341217875480652
0.04695453867316246,0.04489212855696678
0.04648552089929581,0.04199300706386566
0.04690151289105415,0.04202441871166229
0.0459078848361969,0.04545937106013298
0.04555780813097954,0.0444282703101635
0.04475761577486992,0.04245441034436226
0.04601842537522316,0.04670199379324913
0.046274129301309586,0.04272512346506119
0.04444374144077301,0.04462544620037079
0.04414188861846924,0.0454719215631485
0.044026944786310196,0.04206144064664841
0.043797317892313004,0.04486893117427826
0.0438842847943306,0.04686162248253822
0.042812030762434006,0.04491501301527023
0.04317393898963928,0.045843835920095444
0.04152098670601845,0.047580305486917496
0.041569970548152924,0.04490002617239952
0.04196340590715408,0.043822791427373886
0.04178440570831299,0.04575270786881447
0.04189511388540268,0.04447851702570915
0.0406794473528862,0.04876900464296341
0.03973584994673729,0.04642332345247269
0.040891382843256,0.04464300721883774
0.040287528187036514,0.04712620750069618
0.03994552418589592,0.04748564958572388
0.039189599454402924,0.05296818166971207
0.038543425500392914,0.057038869708776474
0.04107121378183365,0.05168449133634567
0.04181347414851189,0.043633222579956055
0.03879496827721596,0.048438671976327896
0.03828437998890877,0.04833433777093887
0.03686370328068733,0.054806601256132126
0.03662165254354477,0.047693196684122086
0.03553693741559982,0.057155806571245193
0.039413683116436005,0.05476070195436478
0.03960508108139038,0.045136306434869766
0.0391964390873909,0.046735089272260666
0.035237476229667664,0.05010075494647026
0.035430826246738434,0.049793705344200134
0.035327453166246414,0.04890163615345955
0.03357839956879616,0.057111531496047974
0.03355148807168007,0.052862539887428284
0.033101923763751984,0.05270486697554588
0.034234993159770966,0.054832823574543
0.034534014761447906,0.05124116316437721
0.03447069972753525,0.05067424103617668
0.0333176925778389,0.05229989439249039
0.03172159940004349,0.06182383373379707
0.032412588596343994,0.04878905415534973
0.03135310858488083,0.05548575893044472
0.0318593755364418,0.050837647169828415
0.03127340227365494,0.05723024904727936
0.030764058232307434,0.05459944158792496
0.030540505424141884,0.05358075350522995
0.030771883204579353,0.05579518526792526
0.028815729543566704,0.05724288523197174
0.028377199545502663,0.05202192813158035
0.027421623468399048,0.057343561202287674
0.028825215995311737,0.05584786832332611
0.030583899468183517,0.05894671753048897
0.0267840176820755,0.05782588571310043
0.027099614962935448,0.05734012648463249
0.026564981788396835,0.059221312403678894
0.02707289345562458,0.056451745331287384
0.025893209502100945,0.054588768631219864
0.02408667653799057,0.05788489431142807
0.024079501628875732,0.059692054986953735
0.02342158369719982,0.05636051669716835
0.024022167548537254,0.054632626473903656
0.026442699134349823,0.05854891613125801
0.026458147913217545,0.059996407479047775
0.02542722038924694,0.061152588576078415
0.02507130615413189,0.055389404296875
0.022662006318569183,0.060568917542696
0.021709304302930832,0.05756017565727234
0.021874304860830307,0.06214768812060356
0.021363407373428345,0.06063416227698326
0.0209983941167593,0.06299081444740295
0.02179708518087864,0.0580330565571785
0.021361611783504486,0.0579434297978878
0.023011131212115288,0.05621016398072243
0.024266010150313377,0.056928522884845734
0.024618033319711685,0.05727436766028404
0.02150668203830719,0.06354790925979614
0.01895427145063877,0.05915084853768349
0.018840022385120392,0.06207618489861488
0.018460284918546677,0.05758708342909813
0.01863907277584076,0.06058143824338913
0.01855149120092392,0.06384669244289398
0.018792880699038506,0.06127144768834114
0.018506204709410667,0.06269518285989761
0.018818559125065804,0.06267291307449341
0.0193428173661232,0.06153520941734314
0.020313860848546028,0.057761047035455704
0.019317634403705597,0.062190260738134384
0.017192192375659943,0.06086045876145363
0.016663838177919388,0.05999169126152992
0.01659180223941803,0.05991380289196968
0.016724124550819397,0.0630214586853981
0.01678188517689705,0.05986664444208145
0.016008934006094933,0.06045155972242355
0.016167111694812775,0.06119329854846001
0.015833290293812752,0.06189032644033432
0.01553891971707344,0.06133603677153587
0.014975805766880512,0.06266655772924423
0.014868602156639099,0.061362750828266144
0.01558028906583786,0.06282865256071091
0.014866535551846027,0.06684946268796921
0.015316079370677471,0.061774712055921555
0.015035498887300491,0.06233061105012894
0.015083338133990765,0.061155498027801514
0.015420163981616497,0.06484491378068924
0.021912582218647003,0.05881642922759056
0.020745346322655678,0.05966217443346977
0.0169939324259758,0.06272125244140625
0.0168796144425869,0.059986576437950134
0.015588019974529743,0.06312233954668045
0.015358543023467064,0.06114871799945831
0.014970234595239162,0.06194347143173218
0.0146033875644207,0.06304198503494263
0.01410148199647665,0.06077900901436806
0.013774201273918152,0.06334238499403
0.013484467752277851,0.06250450760126114
0.013873878866434097,0.059825558215379715
0.013530000112950802,0.06149105727672577
0.013712403364479542,0.06368852406740189
0.013616577722132206,0.06220380961894989
0.013515286147594452,0.06400088220834732
0.013561172410845757,0.0613408125936985
0.015469767153263092,0.0653441920876503
0.016571449115872383,0.059943925589323044
0.015472141094505787,0.06458160281181335
0.014949172735214233,0.06352792680263519
0.015218370594084263,0.060838084667921066
0.014855236746370792,0.062325071543455124
0.01375944446772337,0.06225084140896797
0.013293088413774967,0.0591743066906929
0.013337151147425175,0.061370816081762314
0.013395454734563828,0.06014709919691086
0.013451601378619671,0.06122377887368202
0.01299482025206089,0.060360293835401535
0.013165603391826153,0.06242642179131508
0.013077410869300365,0.05987471342086792
0.012537727132439613,0.06253094971179962
0.012685267254710197,0.06063949316740036
0.01258664857596159,0.06110542267560959
0.012155821546912193,0.06264771521091461
0.012223482131958008,0.06199290603399277
0.012838360853493214,0.06139252334833145
0.012588090263307095,0.06224054843187332
0.013162508606910706,0.05910694971680641
0.012639734894037247,0.06230712682008743
0.012142797000706196,0.06312111765146255
0.012036288157105446,0.0597534254193306
0.012177516706287861,0.06244681030511856
0.01201483141630888,0.059662848711013794
0.011748244054615498,0.06297560781240463
0.011860644444823265,0.06409206241369247
0.011636191979050636,0.06220246106386185
0.011895889416337013,0.05989532917737961
0.01207643561065197,0.06017060950398445
0.012002881616353989,0.061841342598199844
0.011960786767303944,0.061924047768116
0.012031642720103264,0.06331629306077957
0.011705746874213219,0.060719072818756104
0.011747969314455986,0.06151958182454109
0.011842966079711914,0.06038656830787659
0.011669074185192585,0.06216953322291374
0.011447647586464882,0.06370548158884048
0.011508198454976082,0.06154916435480118
0.011812700890004635,0.060938507318496704
0.011897427961230278,0.06052040308713913
0.011985622346401215,0.06478313356637955
0.012148481793701649,0.06273574382066727
0.012455077841877937,0.061925701797008514
0.01187913492321968,0.059636663645505905
0.011715628206729889,0.06325413286685944
0.011461896821856499,0.06429756432771683
0.011653779074549675,0.06281475722789764
0.011815045960247517,0.06411620229482651
0.011661871336400509,0.06586544215679169
0.011493896134197712,0.059348367154598236
0.011291681788861752,0.06288208812475204
0.010770056396722794,0.061387643218040466
0.010922468267381191,0.06276379525661469
0.011215190403163433,0.060966864228248596
0.011024168692529202,0.06293993443250656
0.010926266200840473,0.06361676752567291
0.010698321275413036,0.061735041439533234
0.010889384895563126,0.06159577518701553
0.011037732474505901,0.0621630884706974
0.011302104219794273,0.06437581032514572
0.01097167655825615,0.06290175765752792
0.011046245694160461,0.0648287683725357
0.010693267919123173,0.06560225039720535
0.01069522462785244,0.06160884350538254
0.010451890528202057,0.06376421451568604
0.010382217355072498,0.06396634876728058
0.010287605226039886,0.06244773417711258
0.010181321762502193,0.0635748952627182
0.010159475728869438,0.06322982907295227
0.010175665840506554,0.061031877994537354
0.010251904837787151,0.061721350997686386
0.010254462249577045,0.06240677833557129
0.01032235473394394,0.06308861821889877
0.010685714893043041,0.06376474350690842
0.01042430754750967,0.0636691078543663
0.010627228766679764,0.06384468078613281
0.010577970184385777,0.059494126588106155
0.010401815176010132,0.06753718107938766
0.01068804133683443,0.06491613388061523
0.010746113024652004,0.06566082686185837
0.010379462502896786,0.06195930764079094
0.010412091389298439,0.062737375497818
0.010451137088239193,0.06140340492129326
0.010656096041202545,0.06326960772275925
0.01088748686015606,0.06277146190404892
0.010641040280461311,0.06495694816112518
0.010782566852867603,0.0639675110578537
0.01357231568545103,0.06548496335744858
0.01598110795021057,0.0649019256234169
0.01776425540447235,0.05917883291840553
0.01675593852996826,0.06203847751021385
0.013493891805410385,0.06262663006782532
0.012375817634165287,0.06324806064367294
0.011455549858510494,0.06360799074172974
0.010898714885115623,0.06216048449277878
0.010478855110704899,0.06209603324532509
0.01012270338833332,0.06416624039411545
0.010139952413737774,0.06091172993183136
0.010073109529912472,0.0635514035820961
0.009715402498841286,0.06475789099931717
0.009607799351215363,0.06306951493024826
0.009629582054913044,0.06309685111045837
0.009696298278868198,0.06327174603939056
0.009655959904193878,0.06337495893239975
0.00954529270529747,0.06503015756607056
0.009439218789339066,0.06297968327999115
0.00941966287791729,0.06377023458480835
0.00951777957379818,0.06239022687077522
0.00952974148094654,0.06259402632713318
0.009430832229554653,0.06383832544088364
0.009376001544296741,0.06253565102815628
0.009532392956316471,0.06560540944337845
0.009432910941541195,0.06271468102931976
0.009413672611117363,0.06419859826564789
0.009411294013261795,0.061938222497701645
0.009576120413839817,0.06487404555082321
0.009353622794151306,0.06620804965496063
0.009299386292696,0.06366663426160812
0.009254254400730133,0.06562840938568115
0.009251346811652184,0.06334254890680313
0.009247943758964539,0.06467308849096298
0.00940651260316372,0.06559102982282639
0.009525077417492867,0.06356073915958405
0.00960333738476038,0.06084723770618439
0.009638641960918903,0.06132837384939194
0.009810378775000572,0.061528295278549194
0.00956908892840147,0.06577762216329575
0.00943326111882925,0.06625832617282867
0.009548459202051163,0.06360302120447159
0.009104795753955841,0.06621958315372467
0.008979870937764645,0.06327139586210251
0.009024865925312042,0.06351448595523834
0.009448491036891937,0.06308908015489578
0.00963001698255539,0.06684637814760208
0.009329178370535374,0.06247284635901451
0.009634964168071747,0.06517434865236282
0.00964222103357315,0.06284154206514359
0.009389763697981834,0.061598364263772964
0.00952123012393713,0.0656270831823349
0.009226302616298199,0.06280999630689621
0.009396766312420368,0.06420126557350159
0.009214160963892937,0.06423164904117584
0.009056603536009789,0.06260254234075546
0.009023413993418217,0.06560531258583069
0.008821397088468075,0.0652211382985115
0.008659164421260357,0.06541407108306885
0.008704273961484432,0.0647164136171341
0.008691429160535336,0.06428121775388718
0.008647057227790356,0.06415075063705444
0.008662648499011993,0.06387142837047577
0.008832489140331745,0.06083061173558235
0.008906819857656956,0.06586427241563797
0.008923806250095367,0.06272360682487488
0.009391800500452518,0.06413689255714417
0.01033840049058199,0.06597034633159637
0.01045752689242363,0.06881392002105713
0.009749434888362885,0.06077694892883301
0.00925980880856514,0.06423886120319366
0.009201551787555218,0.06045626476407051
0.009169718250632286,0.06791931390762329
0.008904560469090939,0.0640755444765091
0.008789276704192162,0.06707274913787842
0.0084577277302742,0.061956558376550674
0.008329703472554684,0.06658180058002472
0.008262181654572487,0.06454580277204514
0.008131292648613453,0.06441202759742737
0.00796479918062687,0.06549519300460815
0.00820611696690321,0.06375441700220108
0.008135947398841381,0.06579463928937912
0.008257481269538403,0.0646730586886406
0.008353427052497864,0.06574875116348267
0.00816617626696825,0.06461895257234573
0.008075663819909096,0.06665953993797302
0.00826085265725851,0.06765878200531006
0.00846016500145197,0.06390803307294846
0.008172835223376751,0.06692129373550415
0.008207222446799278,0.06577421724796295
0.008328944444656372,0.06540194898843765
0.008122129365801811,0.06479717791080475
0.007993935607373714,0.0658770501613617
0.007957875728607178,0.06462804973125458
0.007998657412827015,0.06555735319852829
0.008032058365643024,0.06427145004272461
0.007766839116811752,0.06605084985494614
0.008114163763821125,0.06505932658910751
0.00829510297626257,0.06306005269289017
0.008194603957235813,0.0645178034901619
0.00847338605672121,0.06579363346099854
0.00854532141238451,0.06466689705848694
0.00814057793468237,0.0671108290553093
0.007830801419913769,0.06498293578624725
0.007727552205324173,0.06593487411737442
0.007488918490707874,0.06494319438934326
0.007755075581371784,0.06589948385953903
0.007602545898407698,0.06707262247800827
0.0075991470366716385,0.06559072434902191
0.007464145310223103,0.06661027669906616
0.007579215802252293,0.06608263403177261
0.007446634583175182,0.06495653837919235
0.007568629924207926,0.06551656872034073
0.008787081576883793,0.06481453031301498
0.009703369811177254,0.06257081776857376
0.011034025810658932,0.06824874877929688
0.011340339668095112,0.06135489046573639
0.010636565275490284,0.06306733936071396
0.009970895014703274,0.0666930228471756
0.009871277026832104,0.06473866105079651
0.009852315299212933,0.06227969378232956
0.010772760957479477,0.06318774074316025
0.016211362555623055,0.060226473957300186
0.014279231429100037,0.06644541025161743
0.012264123186469078,0.06442245841026306
0.010713230818510056,0.06303569674491882
0.009729242883622646,0.06033850088715553
0.008557155728340149,0.06347709894180298
0.007943112403154373,0.06311383098363876
0.007625696714967489,0.06308794766664505
0.007400242146104574,0.0623508095741272
0.007280418183654547,0.06264028698205948
0.007240900304168463,0.0639660581946373
0.00720532052218914,0.06191927567124367
0.007292965427041054,0.0641692504286766
0.007245533633977175,0.06347731500864029
0.00704430416226387,0.06144646182656288
0.0070474105887115,0.06330807507038116
0.006944389548152685,0.06371887773275375
0.006838738918304443,0.061472050845623016
0.006871841847896576,0.06463033705949783
0.006838685367256403,0.0639788806438446
0.006796043831855059,0.06410615146160126
0.0067583899945020676,0.06490858644247055
0.0067738802172243595,0.06278495490550995
0.006710357964038849,0.06433866918087006
0.006743469275534153,0.06491924822330475
0.006718337070196867,0.06399183720350266
0.006646678317338228,0.06296844780445099
0.006664038170129061,0.0638870969414711
0.006589639000594616,0.06471086293458939
0.006560214329510927,0.06478457897901535
0.006544123403728008,0.06431511789560318
0.006624897010624409,0.06514443457126617
0.0065550049766898155,0.06472035497426987
0.00653096754103899,0.06619733572006226
0.006622083950787783,0.0645158439874649
0.006625229958444834,0.06622621417045593
0.006670242641121149,0.06620101630687714
0.0066908374428749084,0.06368820369243622
0.006576804909855127,0.06554663181304932
0.006709023378789425,0.06599366664886475
0.006711979862302542,0.06571648269891739
0.006922075524926186,0.06568613648414612
0.006849187891930342,0.06472083181142807
0.006829507183283567,0.06592364609241486
0.006792708300054073,0.0651797205209732
0.00664551230147481,0.06526834517717361
0.006583560258150101,0.06541602313518524
0.0065198722295463085,0.06641983985900879
0.006549391429871321,0.0660778284072876
0.006648179609328508,0.06497718393802643
0.0065870084799826145,0.06537006795406342
0.006493749096989632,0.06595754623413086
0.006419413257390261,0.0655236467719078
0.006312651559710503,0.06600409001111984
0.0063118054531514645,0.06538145244121552
0.006440533325076103,0.06609389185905457
0.006534413434565067,0.06807023286819458
0.006448181811720133,0.06800641119480133
0.006442922167479992,0.06518547236919403
0.006334134843200445,0.06538764387369156
0.0063261110335588455,0.06697950512170792
0.00653940811753273,0.06618349999189377
0.006900034379214048,0.06720191240310669
0.006742329336702824,0.06741496920585632
0.006665398366749287,0.06372176855802536
0.006615626625716686,0.06443782150745392
0.006498631089925766,0.06652311235666275
0.006391572300344706,0.0678328275680542
0.006326038856059313,0.06691411882638931
0.006306687835603952,0.06764376163482666
0.006360673811286688,0.0668538361787796
0.006441674195230007,0.06656868755817413
0.006475516594946384,0.0663316398859024
0.006764923222362995,0.06759737432003021
0.006717354524880648,0.069147028028965
0.0065238457173109055,0.06593884527683258
0.006282414775341749,0.06633052229881287
0.00618682662025094,0.0673288106918335
0.006012472324073315,0.06584389507770538
0.00589471310377121,0.06675849109888077
0.0058454773388803005,0.06665029376745224
0.005831805989146233,0.06650523096323013
0.005916259717196226,0.06656043231487274
0.005832160357385874,0.06781165301799774
0.0059409127570688725,0.06584878265857697
0.006173199508339167,0.06942962110042572
0.0062720938585698605,0.06694819778203964
0.006209793966263533,0.06527785956859589
0.006102046929299831,0.06673725694417953
0.006221778690814972,0.06755582243204117
0.006364836823195219,0.06662341952323914
0.0062929741106927395,0.06417597830295563
0.0061125075444579124,0.06795207411050797
0.0061885942704975605,0.06670097261667252
0.0061225020326673985,0.06764703243970871
0.0059999399818480015,0.06704573333263397
0.005972420331090689,0.06568093597888947
0.00604475662112236,0.06549367308616638
0.0062702069990336895,0.06362131983041763
0.0063070389442145824,0.06514976918697357
0.006301782093942165,0.06940357387065887
0.006177848670631647,0.06464849412441254
0.006221636198461056,0.06514143198728561
0.005906964186578989,0.06601397693157196
0.00571411894634366,0.06584643572568893
0.0056591881439089775,0.06940526515245438
0.0056898812763392925,0.06587271392345428
0.005587674677371979,0.0671587660908699
0.005591015797108412,0.06635049730539322
0.00559901911765337,0.06714119762182236
0.005873781628906727,0.06764299422502518
0.006585288792848587,0.06397557258605957
0.00632313871756196,0.06515625864267349
0.00615677097812295,0.06473420560359955
0.005964819807559252,0.06625964492559433
0.005873748101294041,0.06612057238817215
0.005920095834881067,0.06749650090932846
0.006036543752998114,0.06548691540956497
0.005952369421720505,0.06560264527797699
0.006037852726876736,0.06709737330675125
0.005906557664275169,0.06633678823709488
0.0056809051893651485,0.06655959039926529
0.0060962350107729435,0.06555269658565521
0.006505108438432217,0.06568488478660583
0.006313581019639969,0.06743907183408737
0.005895309150218964,0.06468501687049866
0.005975767970085144,0.06516684591770172
0.005680195055902004,0.0661994144320488
0.005519870202988386,0.06606657058000565
0.005520685110241175,0.06667716056108475
0.005386588629335165,0.06571064889431
0.005364507436752319,0.06642284244298935
0.005377106834203005,0.06577003002166748
0.005391689483076334,0.06585533171892166
0.005302507430315018,0.0653582289814949
0.005268462933599949,0.0651344582438469
0.005234014708548784,0.06671071797609329
0.005292593967169523,0.06889127939939499
0.005271477159112692,0.06599682569503784
0.005397439934313297,0.0654192790389061
0.005564169026911259,0.06835148483514786
0.0053910017013549805,0.0670340359210968
0.005306472536176443,0.0677613615989685
0.00530366413295269,0.06659446656703949
0.005156551022082567,0.06604723632335663
0.0051401956006884575,0.06694386154413223
0.005070387851446867,0.06577513366937637
0.004999067634344101,0.06547439098358154
0.005036697257310152,0.06536346673965454
0.0050070141442120075,0.0658745989203453
0.004989533685147762,0.06506370007991791
0.004929863382130861,0.06665768474340439
0.004914345685392618,0.06584817916154861
0.004893985111266375,0.06545186787843704
0.004916741047054529,0.06832678616046906
0.005082693416625261,0.06700063496828079
0.005347027909010649,0.0670260563492775
0.005014297552406788,0.06408615410327911
0.004910884890705347,0.0672764703631401
0.0049150800332427025,0.06523451209068298
0.004894454963505268,0.06625434011220932
0.005019994918256998,0.0651114210486412
0.00501323351636529,0.06535998731851578
0.005115792620927095,0.06463749706745148
0.005331847351044416,0.06805840879678726
0.005265329964458942,0.06793876737356186
0.005855693016201258,0.06555312126874924
0.008294530212879181,0.06900253891944885
0.008287694305181503,0.06760413944721222
0.007340161129832268,0.06333540380001068
0.006474256981164217,0.06308586895465851
0.0062385061755776405,0.06825928390026093
0.005887637846171856,0.06722421199083328
0.005456167738884687,0.06703982502222061
0.0051802764646708965,0.06615717709064484
0.004946792032569647,0.0651528462767601
0.004760297480970621,0.06485146284103394
0.004663022700697184,0.06659778952598572
0.004585277754813433,0.06679455190896988
0.004568817093968391,0.06733861565589905
0.004573678597807884,0.06641419231891632
0.004538148175925016,0.06672076135873795
0.004502065014094114,0.06736016273498535
0.0045845708809792995,0.0674038976430893
0.004497614689171314,0.06654312461614609
0.00439063087105751,0.06535656005144119
0.004384552128612995,0.0661553293466568
0.004363826010376215,0.06606340408325195
0.004366792272776365,0.06777661293745041
0.004357992205768824,0.06631183624267578
0.004431534092873335,0.06660554558038712
0.004394008778035641,0.067400723695755
0.004370123613625765,0.06717468798160553
0.004376349970698357,0.06692396104335785
0.004320316016674042,0.06617224216461182
0.004364706575870514,0.06716612726449966
0.004416726063936949,0.06649798899888992
0.004465020261704922,0.06678786128759384
0.0044005392119288445,0.06642882525920868
0.004405701532959938,0.06788045167922974
0.004529275465756655,0.06640923768281937
0.004619866609573364,0.06854423880577087
0.004556083120405674,0.06620019674301147
0.0043917992152273655,0.06709738820791245
0.004361052997410297,0.06785228848457336
0.0043433369137346745,0.06752939522266388
0.00436148839071393,0.06669815629720688
0.004415634088218212,0.0664527639746666
0.004557082895189524,0.06706671416759491
0.004541884176433086,0.0676635280251503
0.004559719003736973,0.06622874736785889
0.004729042295366526,0.06931041181087494
0.004783757496625185,0.0661054328083992
0.004624613560736179,0.06476853042840958
0.004593485500663519,0.06519965082406998
0.005020964425057173,0.06419797986745834
0.005535177420824766,0.0675135925412178
0.0050704749301075935,0.06617993861436844
0.004744844511151314,0.0658104419708252
0.004854697268456221,0.06669054925441742
0.005003136582672596,0.06788971275091171
0.00492959376424551,0.06647725403308868
0.0051613436080515385,0.06626074761152267
0.0048120105639100075,0.06457703560590744
0.0045358119532465935,0.06643441319465637
0.00439616059884429,0.06506293267011642
0.004291448276489973,0.06460577249526978
0.0042036413215100765,0.06387562304735184
0.004146125167608261,0.06690941005945206
0.004120198544114828,0.06510505080223083
0.004044203087687492,0.0652659684419632
0.003981974441558123,0.06674361228942871
0.00401409761980176,0.06619632244110107
0.0041197496466338634,0.06770686060190201
0.004074525088071823,0.06685478240251541
0.00413771066814661,0.06720197200775146
0.004158996511250734,0.06661490350961685
0.0040439944714307785,0.06607998162508011
0.004076619632542133,0.06665967404842377
0.004107538610696793,0.06714314967393875
0.0039742779918015,0.06547076255083084
0.0039311922155320644,0.06795679032802582
0.003950420767068863,0.06670645624399185
0.004045641049742699,0.0673036202788353
0.0040558804757893085,0.06660304963588715
0.004041539970785379,0.06626345962285995
0.0041885897517204285,0.06882768869400024
0.004171690903604031,0.06494791060686111
0.004055355209857225,0.06662148237228394
0.004338990431278944,0.06767460703849792
0.004279557149857283,0.06577497720718384
0.004289874341338873,0.06785348802804947
0.004275833256542683,0.06661427766084671
0.00447556609287858,0.06315585970878601
0.004618597216904163,0.06821224838495255
0.004309454001486301,0.06554335355758667
0.004128048196434975,0.06569252163171768
0.004024669528007507,0.06664317846298218
0.004049569368362427,0.0669756680727005
0.003963739611208439,0.0647297278046608
0.003949031233787537,0.06541788578033447
0.0038528807926923037,0.06611711531877518
0.0038708029314875603,0.06801743805408478
0.0038987980224192142,0.06653829663991928
0.003786388784646988,0.06639666855335236
0.003916488494724035,0.06581220030784607
0.0038754672277718782,0.0664408951997757
0.003855749499052763,0.0675855278968811
0.003864515572786331,0.06623721867799759
0.00385844218544662,0.06561066210269928
0.0037846120540052652,0.06529209762811661
0.00368683529086411,0.06669508665800095
0.003662182716652751,0.06744305789470673
0.003696073079481721,0.06740527600049973
0.0037293736822903156,0.06739208102226257
0.003789737820625305,0.06640304625034332
0.0038996299263089895,0.06711041927337646
0.0038682264275848866,0.06705048680305481
0.003880414878949523,0.06718143820762634
0.003846934763714671,0.06445106863975525
0.0038057160563766956,0.0663958266377449
0.0037572463043034077,0.0677451491355896
0.0036348016001284122,0.06543595343828201
0.003535112366080284,0.066770039498806
0.0035471131559461355,0.06536295264959335
0.0035784239880740643,0.06708143651485443
0.0036882502026855946,0.06617575138807297
0.003686656476929784,0.06722115725278854
0.0036624539643526077,0.06635027378797531
0.0036388190928846598,0.066120445728302
0.003646911820396781,0.06773818284273148
0.0036434195935726166,0.0666884109377861
0.003737879917025566,0.0651838630437851
0.004061342217028141,0.06631781160831451
0.004095409996807575,0.06688005477190018
0.004091600887477398,0.06523467600345612
0.004062551073729992,0.06748470664024353
0.00397274037823081,0.06560555845499039
0.003832076443359256,0.06663189828395844
0.0036740528885275126,0.06515201926231384
0.0036990356165915728,0.0660465657711029
0.0035962171386927366,0.06621050089597702
0.0035159392282366753,0.06578058749437332
0.003438586601987481,0.06674211472272873
0.0034429975785315037,0.06658563017845154
0.003474895376712084,0.06698958575725555
0.0034182951785624027,0.06707355380058289
0.0033794580958783627,0.06688621640205383
0.0034629390574991703,0.0674579069018364
0.003554875496774912,0.06612696498632431
0.0036160177551209927,0.06634759157896042
0.003647509729489684,0.0670999139547348
0.0037117861211299896,0.06551269441843033
0.00382982031442225,0.06581422686576843
0.003803074127063155,0.0679415613412857
0.0036446722224354744,0.06757883727550507
0.0035752425901591778,0.06549342721700668
0.0035445084795355797,0.06570550054311752
0.003450327552855015,0.06658722460269928
0.0033994875848293304,0.06661278754472733
0.0034821745939552784,0.06721188127994537
0.0034758662804961205,0.06814578175544739
0.0033837100490927696,0.0666554719209671
0.0034103221260011196,0.06750913709402084
0.003367322962731123,0.06620297580957413
0.003323639277368784,0.06571920961141586
0.003270353190600872,0.06767928600311279
0.003292675130069256,0.0666598528623581
0.0033200315665453672,0.06552036106586456
0.0033064389135688543,0.0669933333992958
0.003334009787067771,0.06761979311704636
0.003342326730489731,0.06581529974937439
0.0034242866095155478,0.06667392700910568
0.0033521836157888174,0.06744015961885452
0.00325223826803267,0.06754041463136673
0.003352321218699217,0.06811389327049255
0.0035834340378642082,0.06621703505516052
0.003571006702259183,0.06890778243541718
0.0035508873406797647,0.06728706508874893
0.0035566329024732113,0.0683450847864151
0.0034832756500691175,0.06958078593015671
0.0034704634454101324,0.06884387880563736
0.003429494798183441,0.06592314690351486
0.0033095667604357004,0.06600318104028702
0.0032109275925904512,0.06548059731721878
0.003190490184351802,0.06568239629268646
0.0030870509799569845,0.06657642126083374
0.0030559322331100702,0.06689802557229996
0.003014208748936653,0.06635194271802902
0.003021732671186328,0.06712424755096436
0.003052235348150134,0.06724235415458679
0.0030788183212280273,0.06644470989704132
0.00307868211530149,0.0655253529548645
0.0031428213696926832,0.06638747453689575
0.003118369961157441,0.06685344129800797
0.0030554516706615686,0.06614567339420319
0.003145866794511676,0.06706032902002335
0.0031873269472271204,0.06788737326860428
0.0032209656201303005,0.064419686794281
0.003237314522266388,0.06696474552154541
0.0032671710941940546,0.06478714197874069
0.0031954501755535603,0.06783448159694672
0.0030896468088030815,0.0657297745347023
0.0030664545483887196,0.06598730385303497
0.003036569571122527,0.06709486991167068
0.0032089294400066137,0.06743085384368896
0.003189045237377286,0.0663335919380188
0.003214191645383835,0.06527642905712128
0.0031619127839803696,0.06642794609069824
0.003149583702906966,0.06789185106754303
0.0030357446521520615,0.06614895910024643
0.0030322286766022444,0.06696383655071259
0.0030298444908112288,0.0666557103395462
0.002974539762362838,0.06747946888208389
0.003037939080968499,0.06892905384302139
0.0031271218322217464,0.06845739483833313
0.00310684135183692,0.06725151091814041
0.002925050212070346,0.0677669420838356
0.002840532222762704,0.06691717356443405
0.0028164354152977467,0.06576041877269745
0.0028533730655908585,0.06764625012874603
0.0029094628989696503,0.06724338233470917
0.0029000381473451853,0.06756361573934555
0.0029304514173418283,0.06943052262067795
0.0029033031314611435,0.06692429631948471
0.0029907869175076485,0.06742319464683533
0.0030469009652733803,0.06624829769134521
0.0029495242051780224,0.06703405827283859
0.002962060272693634,0.0679018571972847
0.003035283647477627,0.06696292757987976
0.002998734125867486,0.06677059829235077
0.003086942248046398,0.06732768565416336
0.0031444814521819353,0.06653497368097305
0.0034717589151114225,0.06699271500110626
0.0034975181333720684,0.06848633289337158
0.003338559763506055,0.06664096564054489
0.0032109215389937162,0.06708887964487076
0.0032008709385991096,0.06585264205932617
0.0029973017517477274,0.06837957352399826
0.00290406565181911,0.06485333293676376
0.0028739147819578648,0.06726595759391785
0.0028563784435391426,0.06664542108774185
0.002753616776317358,0.06660641729831696
0.0027379407547414303,0.0676969513297081
0.0027182349003851414,0.0682978555560112
0.002691337140277028,0.06684595346450806
0.002624688670039177,0.0671364963054657
0.0025703837163746357,0.06678259372711182
0.002568876603618264,0.06782593578100204
0.0025812049861997366,0.06758706271648407
0.0026337371673434973,0.06858541071414948
0.0026545049622654915,0.06743322312831879
0.0027054459787905216,0.0675649344921112
0.002830526093021035,0.06812862306833267
0.0027518076822161674,0.06774654984474182
0.00276955240406096,0.0684707835316658
0.0028320334386080503,0.06976515054702759
0.0028110272251069546,0.06839378923177719
0.0028758228290826082,0.06736916303634644
0.003001387696713209,0.06682632863521576
0.003020330797880888,0.06750616431236267
0.002971888519823551,0.06612145900726318
0.0030482125002890825,0.06587129831314087
0.0029723597690463066,0.06758086383342743
0.002922139596194029,0.06510139256715775
0.002841029316186905,0.06732962280511856
0.0027415321674197912,0.06734620034694672
0.002608867362141609,0.06805747002363205
0.0025520934723317623,0.06636451184749603
0.002469586208462715,0.06779266893863678
0.0025074954610317945,0.06737812608480453
0.0025318909902125597,0.06794435530900955
0.0026145577430725098,0.06722556054592133
0.0027111845556646585,0.06794373691082001
0.002675793133676052,0.06705101579427719
0.002635499695315957,0.06811624020338058
0.002619924023747444,0.06705781072378159
0.0025660833343863487,0.06788288056850433
0.0025533088482916355,0.06719894707202911
0.00252719153650105,0.06702890247106552
0.002628515474498272,0.06591310352087021
0.002572324126958847,0.06821893900632858
0.0026754613500088453,0.06563018262386322
0.002702509518712759,0.06539850682020187
0.002817714586853981,0.06487852334976196
0.0028053869027644396,0.06940619647502899
0.00277111423201859,0.06661088019609451
0.0027138027362525463,0.06779560446739197
0.002673844574019313,0.06793398410081863
0.0026148271281272173,0.06678811460733414
0.0024946718476712704,0.06663160026073456
0.002461574738845229,0.06796330958604813
0.0024087335914373398,0.0653977170586586
0.00237994734197855,0.06794228404760361
0.0023487024009227753,0.06889571249485016
0.002322383923456073,0.067201629281044
0.002297852886840701,0.06840967386960983
0.002284299349412322,0.0667373463511467
0.0023568083997815847,0.06832731515169144
0.0023576649837195873,0.06863917410373688
0.0023395090829581022,0.06839879602193832
0.002339376136660576,0.0667417049407959
0.0023499224334955215,0.06734949350357056
0.0023572007194161415,0.06764804571866989
0.0023769631516188383,0.0668581873178482
0.0023945739958435297,0.06840160489082336
0.0023760544136166573,0.06755779683589935
0.002367293229326606,0.06708967685699463
0.002350347815081477,0.06722942739725113
0.002412523841485381,0.06664910167455673
0.0025988284032791853,0.06746390461921692
0.0025031473487615585,0.06647684425115585
0.0024774421472102404,0.06688454002141953
0.002569302450865507,0.06710044294595718
0.002587806899100542,0.06793384253978729
0.002660254715010524,0.0662221610546112
0.0025968246627599,0.06674008071422577
0.002477795584127307,0.06755204498767853
0.002471545012667775,0.06719205528497696
0.0024199425242841244,0.06617125868797302
0.0024014743976294994,0.06734758615493774
0.0023333982098847628,0.06735759973526001
0.0022993404418230057,0.06777499616146088
0.002247893949970603,0.06707494705915451
0.0021660977508872747,0.06699088215827942
0.0021540853194892406,0.06777589023113251
0.002173209795728326,0.06670985370874405
0.0022189696319401264,0.06771416962146759
0.002240945817902684,0.06692562997341156
0.002288287505507469,0.06892038136720657
0.0024748339783400297,0.06618982553482056
0.002589821582660079,0.06659490615129471
0.0028224047273397446,0.06710779666900635
0.002920954255387187,0.07040085643529892
0.0027920894790440798,0.06608491390943527
0.0026311210822314024,0.06808780133724213
0.002426083665341139,0.06667947769165039
0.002342469524592161,0.0667000412940979
0.0023044932167977095,0.0667206421494484
0.002297266386449337,0.06718790531158447
0.002247300697490573,0.06568799912929535
0.00220474973320961,0.06797739863395691
0.002202084055170417,0.06656696647405624
0.002174803987145424,0.06726644933223724
0.0021667045075446367,0.06804978102445602
0.002147308550775051,0.06610365957021713
0.0020761778578162193,0.06805204600095749
0.002054427983239293,0.06698949635028839
0.002081759739667177,0.06726892292499542
0.0021083271130919456,0.0673847645521164
0.0022046216763556004,0.06676910072565079
0.0022731954231858253,0.06661006063222885
0.0021896641701459885,0.06704011559486389
0.0021650304552167654,0.06765110045671463
0.002169137354940176,0.06727443635463715
0.002146563958376646,0.06732262670993805
0.002133178524672985,0.06799829006195068
0.002135348506271839,0.06710182875394821
0.0021784836426377296,0.0669611319899559
0.002227733377367258,0.06765997409820557
0.00225975108332932,0.06798433512449265
0.0022425090428441763,0.06667397916316986
0.002170404652133584,0.06740298122167587
0.002160747768357396,0.06695352494716644
0.0021626148372888565,0.06666728854179382
0.0021058355923742056,0.06796176731586456
0.0020954569336026907,0.06674084067344666
0.0020858212374150753,0.06814863532781601
0.0020748963579535484,0.06673528254032135
0.0020468677394092083,0.0684940367937088
0.002092268317937851,0.0675291195511818
0.0021096947602927685,0.06829816102981567
0.0021368288435041904,0.06698119640350342
0.002173266839236021,0.06968870013952255
0.0022159190848469734,0.06797105818986893
0.002266044495627284,0.06730153411626816
0.0022158357314765453,0.06768309324979782
0.0022723942529410124,0.0675106942653656
0.0023274661507457495,0.06655645370483398
0.0022786615882068872,0.06965819746255875
0.002302595181390643,0.06800846755504608
0.002218053210526705,0.0666358545422554
0.0022646684665232897,0.0673997551202774
0.0022463095374405384,0.06644675135612488
0.0022977881599217653,0.06825786083936691
0.0023579418193548918,0.06614328920841217
0.002422633580863476,0.06764306128025055
0.0023116867523640394,0.06578094512224197
0.002213970525190234,0.06766267120838165
0.0021272466983646154,0.06693735718727112
0.0021871686913073063,0.06798767298460007
0.0021446000318974257,0.06670480966567993
0.0020467250142246485,0.06687719374895096
0.001974509097635746,0.06869003176689148
0.001925510005094111,0.06704194098711014
0.0018778693629428744,0.06877997517585754
0.0018598304595798254,0.06750287115573883
0.0018474991666153073,0.06760982424020767
0.0018698049243539572,0.0668952614068985
0.0019422793993726373,0.0680914968252182
0.0019011289114132524,0.06826625764369965
0.0018865916645154357,0.06773073226213455
0.00190653745085001,0.06798648089170456
0.0019135121256113052,0.06713586300611496
0.0019393377006053925,0.06755263358354568
0.0019696925301104784,0.06700129806995392
0.0020140984561294317,0.06795503199100494
0.0019363859901204705,0.06717787683010101
0.001861558761447668,0.06774251908063889
0.0019119029166176915,0.06800627708435059
0.0018920741276815534,0.0685712993144989
0.0018793718190863729,0.06832796335220337
0.0018259873613715172,0.06814469397068024
0.0018225788371637464,0.06872580200433731
0.0018830590415745974,0.0671180859208107
0.0018542029429227114,0.06757360696792603
0.0018796847434714437,0.0691077783703804
0.001836259150877595,0.06688349694013596
0.0018614650471135974,0.06910526752471924
0.0018920957809314132,0.06748899072408676
0.0019108062842860818,0.06765934824943542
0.0019501902861520648,0.06752371042966843
0.0020089789759367704,0.06874018162488937
0.002034776844084263,0.06964542716741562
0.00218102871440351,0.06714627146720886
0.002283073728904128,0.06743428111076355
0.002177617745473981,0.06702607870101929
0.002384028397500515,0.06863079965114594
0.0025520846247673035,0.06876002252101898
0.0025622330140322447,0.06657450646162033
0.0024693040177226067,0.06633969396352768
0.002168799750506878,0.06755759567022324
0.0020575535017997026,0.06672649830579758
0.001966609386727214,0.06617672741413116
0.0019484665244817734,0.06858256459236145
0.0019457951420918107,0.07014084607362747
0.0018997546285390854,0.06778328120708466
0.0018130310345441103,0.0679190531373024
0.001773744821548462,0.06797226518392563
0.0020029607694596052,0.0676763504743576
0.0028786659240722656,0.0662914365530014
0.0026393847074359655,0.06620491296052933
0.002507205354049802,0.06698118150234222
0.0025456196162849665,0.06987679749727249
0.0024340187665075064,0.067913718521595
0.002218482783064246,0.06864465773105621
0.00211833487264812,0.06850029528141022
0.0019606524147093296,0.06824824213981628
0.0018351725302636623,0.06762498617172241
0.0017405953258275986,0.06839635968208313
0.001713418634608388,0.06783539801836014
0.0016753104282543063,0.06857713311910629
0.0016586200799793005,0.0687657967209816
0.0016399112064391375,0.06833340227603912
0.0016318453708663583,0.06856300681829453
0.0016514139715582132,0.06825339794158936
0.0016611091559752822,0.06920080631971359
0.0016736843390390277,0.06815855950117111
0.0016454022843390703,0.068830706179142
0.0016369298100471497,0.06883982568979263
0.0016542241210117936,0.06870763003826141
0.0016443806234747171,0.06883061677217484
0.001650728052482009,0.06885679066181183
0.0017196612898260355,0.06874676793813705
0.0017820456996560097,0.06760528683662415
0.0018771376926451921,0.06789053231477737
0.0019352989038452506,0.06789594888687134
0.0018003371078521013,0.06876715272665024
0.001758166472427547,0.06912621110677719
0.001739569823257625,0.06726035475730896
0.0017637008568271995,0.06992241740226746
0.0017687388462945819,0.06788615137338638
0.0017668852815404534,0.06998376548290253
0.0018103108741343021,0.06803394854068756
0.0017852566670626402,0.0684114471077919
0.001778371981345117,0.06926536560058594
0.0017584217712283134,0.069065622985363
0.001724481931887567,0.06804852932691574
0.00167506979778409,0.06848406791687012
0.0016890194965526462,0.0670667514204979
0.0016855568392202258,0.06886781007051468
0.0017363806255161762,0.06759590655565262
0.0017216955311596394,0.06871969252824783
0.0016460665501654148,0.06862197071313858
0.0016494691371917725,0.06811245530843735
0.0016837490256875753,0.06785031408071518
0.0016634459607303143,0.06863674521446228
0.0016387426294386387,0.06860249489545822
0.0016422222834080458,0.0691424012184143
0.0016703808214515448,0.06802424788475037
0.0017154377419501543,0.06875881552696228
0.0017898414516821504,0.06710559129714966
0.0018668732373043895,0.06953517347574234
0.0017996039241552353,0.06735047698020935
0.001736409030854702,0.06853139400482178
0.0017261499306187034,0.06870394200086594
0.0017350028501823545,0.06853800266981125
0.0017010938609018922,0.06823555380105972
0.0016663528513163328,0.06910265982151031
0.0016147716669365764,0.06898608803749084
0.0015582824125885963,0.06872539222240448
0.0015464222524315119,0.06813573092222214
0.0015452343504875898,0.06872943788766861
0.0015439939452335238,0.06883563101291656
0.001598272123374045,0.07020770013332367
0.0016252488130703568,0.06960804015398026
0.0016322447918355465,0.06904624402523041
0.0016222576377913356,0.06936220824718475
0.0016038906760513783,0.06826269626617432
0.0016122012166306376,0.06866303086280823
0.0016538285417482257,0.06808353960514069
0.0016267166938632727,0.06811322271823883
0.001605009543709457,0.0692179799079895
0.001653184532187879,0.06921318173408508
0.0016460937913507223,0.06755566596984863
0.0017624173779040575,0.06955161690711975
0.0018191233975812793,0.06877611577510834
0.0018290968146175146,0.07000860571861267
0.0016750602517277002,0.06770183891057968
0.0017802020302042365,0.06884608417749405
0.0020251350942999125,0.06886167079210281
0.0019289260962978005,0.06787236779928207
0.001941876718774438,0.06786524504423141
0.0019260614644736052,0.06799034774303436
0.00178214639890939,0.06796460598707199
0.0016817334108054638,0.06857559084892273
0.0016840664902701974,0.0685509517788887
0.001608287333510816,0.06750333309173584
0.0016051179263740778,0.06825205683708191
0.0015466709155589342,0.06884301453828812
0.001512013142928481,0.06840765476226807
0.0014564479934051633,0.06779690831899643
0.0014376828912645578,0.06861645728349686
0.0014108828036114573,0.06889411807060242
0.0014315505977720022,0.06884836405515671
0.0014784866943955421,0.0687137097120285
0.0015354304341599345,0.06849780678749084
0.0015137820737436414,0.06864625960588455
0.001554360380396247,0.06930477172136307
0.0015761266695335507,0.06920364499092102
0.0016321006696671247,0.06802451610565186
0.0016452944837510586,0.07002025097608566
0.001624118653126061,0.06914936751127243
0.0017035742057487369,0.07041828334331512
0.0017539475811645389,0.0681970939040184
0.0016917000757530332,0.06830766052007675
0.001683514565229416,0.06791865080595016
0.001746363122947514,0.06824137270450592
0.0017851786687970161,0.0684962272644043
0.0017005230765789747,0.06867866218090057
0.0016253571957349777,0.06795904785394669
0.0015150423860177398,0.06810653209686279
0.0014823797391727567,0.06917218863964081
0.0014623701572418213,0.06948313862085342
0.0014670634409412742,0.06937376409769058
0.0014442229876294732,0.06927334517240524
0.0014050401514396071,0.06803625077009201
0.0014205258339643478,0.06877695024013519
0.0014256405411288142,0.06784024089574814
0.0014780028723180294,0.06926528364419937
0.00148079136852175,0.0680159479379654
0.001550877932459116,0.06941533088684082
0.0016027612145990133,0.06740372627973557
0.0015906536718830466,0.0680159255862236
0.0015918668359518051,0.0693257674574852
0.001584314159117639,0.06910320371389389
0.0015460110735148191,0.0685821995139122
0.0014929695753380656,0.06754212081432343
0.0015900081489235163,0.06868486851453781
0.0016174600459635258,0.0682518407702446
0.0015889632049947977,0.06972640752792358
0.0015447578625753522,0.06855028122663498
0.0014973501674830914,0.06905893981456757
0.0014464714331552386,0.06793113797903061
0.0014277794398367405,0.06869994103908539
0.001428765943273902,0.06833849847316742
0.0014333035796880722,0.06907211244106293
0.0014424108667299151,0.06905508041381836
0.0014463614206761122,0.06760203838348389
0.0014443662948906422,0.06851240247488022
0.0014486076543107629,0.06981399655342102
0.0014650017255917192,0.06774338334798813
0.0014806302497163415,0.07045556604862213
0.00148907327093184,0.06842323392629623
0.0015487633645534515,0.06913215667009354
0.001563339028507471,0.06893336027860641
0.0016335585387423635,0.06832823902368546
0.0016596330096945167,0.06992965936660767
0.0015910799847915769,0.06846463680267334
0.001527590793557465,0.06903087347745895
0.0014825771795585752,0.06904149055480957
0.001430705888196826,0.06949352473020554
0.0014245245838537812,0.06861541420221329
0.001414789236150682,0.06814450025558472
0.0014020500238984823,0.0694374144077301
0.0014130857307463884,0.0686553493142128
0.001446064212359488,0.06862810999155045
0.0014720261096954346,0.06860682368278503
0.00141934584826231,0.06980227679014206
0.0014082442503422499,0.06854619085788727
0.0014469650341197848,0.06953699141740799
0.0014107729075476527,0.06971949338912964
0.0014115109806880355,0.06797555834054947
0.0014505545841529965,0.06828635931015015
0.0014320481568574905,0.06943678855895996
0.0013713451335206628,0.06920401751995087
0.0013669197214767337,0.0692487359046936
0.0014324988005682826,0.06792274117469788
0.0014442201936617494,0.06825520843267441
0.001422744826413691,0.06897024810314178
0.001432240242138505,0.06819620728492737
0.001386896357871592,0.06824829429388046
0.0013569178991019726,0.06894275546073914
0.0013338889693841338,0.06921803951263428
0.0013658207608386874,0.0690360739827156
0.0014253165572881699,0.06840410083532333
0.001413556281477213,0.06914081424474716
0.0013838759623467922,0.0682622641324997
0.0013879579491913319,0.06934206187725067
0.0013616307405754924,0.06899944692850113
0.0013675320660695434,0.0690263956785202
0.0013831504620611668,0.06953317672014236
0.0013592472532764077,0.06875406205654144
0.0013378752628341317,0.06846784055233002
0.0013179966481402516,0.06980297714471817
0.001292927423492074,0.06878527253866196
0.0012699380749836564,0.06871743500232697
0.0012701904634013772,0.06822307407855988
0.0012580091133713722,0.06859168410301208
0.001254539587534964,0.06833650916814804
0.0012562645133584738,0.06816499680280685
0.0012266419362276793,0.06960760802030563
0.0012405072338879108,0.06804648786783218
0.001246854430064559,0.07008176296949387
0.0012655110331252217,0.06979118287563324
0.0012928172945976257,0.06865446269512177
0.0013229000614956021,0.06983046233654022
0.0013771334197372198,0.06857642531394958
0.0014542186399921775,0.06915772706270218
0.001419829553924501,0.06893464177846909
0.0013990119332447648,0.06973905116319656
0.0014364548260346055,0.06855569034814835
0.0015180159825831652,0.06948109716176987
0.0016303086886182427,0.0686139315366745
0.0017008373979479074,0.069523386657238
0.0018375124782323837,0.06871873140335083
0.0016547400737181306,0.06806923449039459
0.001544193597510457,0.06803473830223083
0.0015147236408665776,0.06959100067615509
0.0014658442232757807,0.06891431659460068
0.0013884827494621277,0.0693509429693222
0.001346436096355319,0.0680021345615387
0.0013190102763473988,0.06892233341932297
0.0012787218438461423,0.06878001987934113
0.001274498994462192,0.0691603496670723
0.001227645669132471,0.06847923994064331
0.0011999390553683043,0.06848419457674026
0.0011668194783851504,0.06887131929397583
0.0011626386549323797,0.06952457129955292
0.0011371164582669735,0.06934183835983276
0.0011517413659021258,0.06912034004926682
0.0011489464668557048,0.06918787211179733
0.0011649872176349163,0.06924309581518173
0.0011811986332759261,0.06975334882736206
0.001223331200890243,0.06910597532987595
0.0012203480582684278,0.06959152221679688
0.0012283478863537312,0.06916428357362747
0.0012699059443548322,0.06874353438615799
0.0013255607336759567,0.06918005645275116
0.0014462803956121206,0.07034432142972946
0.001424863119609654,0.06868872791528702
0.001345633645541966,0.06897327303886414
0.0013369469670578837,0.06908578425645828
0.0013262057909741998,0.06863892823457718
0.0013278520200401545,0.06801901757717133
0.0012790776090696454,0.06900253891944885
0.001231804140843451,0.06901514530181885
0.00125022791326046,0.06933342665433884
0.001243243576027453,0.06869126111268997
0.0012499521253630519,0.06873494386672974
0.0012507588835433125,0.0694165900349617
0.0012289726873859763,0.06862790137529373
0.0012614558218047023,0.06959130614995956
0.0012820594711229205,0.06947874277830124
0.0013812114484608173,0.06934339553117752
0.00139889947604388,0.06875904649496078
0.0013437287416309118,0.06789496541023254
0.0013228602474555373,0.06975451111793518
0.001433681813068688,0.07045873254537582
0.0013988802675157785,0.06890255957841873
0.0014035972999408841,0.06862443685531616
0.0013717702822759748,0.06904871016740799
0.0012969549279659986,0.06796163320541382
0.0012727956054732203,0.06730446219444275
0.0012378791579976678,0.06905356049537659
0.001160863321274519,0.06866241991519928
0.001132290461100638,0.06899313628673553
0.0011247600195929408,0.06827128678560257
0.001128353993408382,0.06889501959085464
0.0010878349421545863,0.06896714866161346
0.0010792608372867107,0.06917549669742584
0.0010589780285954475,0.06906992197036743
0.00105728255584836,0.06922906637191772
0.0010545935947448015,0.06891300529241562
0.001052652602083981,0.0688576027750969
0.001047954778186977,0.06986197829246521
0.0010770938824862242,0.06931585818529129
0.0010894834995269775,0.0701124370098114
0.0010967134730890393,0.06937158107757568
0.0010758282151073217,0.0697653517127037
0.0011020902311429381,0.07013317197561264
0.0011653626570478082,0.0699223205447197
0.0012529820669442415,0.06916835904121399
0.0012531051179394126,0.0698302611708641
0.001238089520484209,0.06974001973867416
0.001228386303409934,0.0698191374540329
0.0012619643239304423,0.06847187131643295
0.0012918371940031648,0.07027529180049896
0.0013341045705601573,0.06990011781454086
0.0013212560443207622,0.06877349317073822
0.0013349157525226474,0.06938132643699646
0.0013069570995867252,0.06859400123357773
0.0012736181961372495,0.06945411115884781
0.0012175068259239197,0.06891339272260666
0.0012022573500871658,0.0689697191119194
0.0012031160295009613,0.06930617243051529
0.0012267198180779815,0.06916128844022751
0.0012322593247517943,0.06799467653036118
0.0011208381038159132,0.06900952756404877
0.001074800151400268,0.06887170672416687
0.001071980339474976,0.06940527260303497
0.0010629952885210514,0.06847275793552399
0.0010708266636356711,0.06988890469074249
0.0010934690944850445,0.0693468302488327
0.0011159582063555717,0.06862732023000717
0.001123099122196436,0.06903036683797836
0.0011008665896952152,0.0680021196603775
0.001086577889509499,0.06952954828739166
0.0011044448474422097,0.06967583298683167
0.0011653080582618713,0.06904104351997375
0.001185008091852069,0.06919508427381516
0.0011612264206632972,0.06879798322916031
0.0011804014211520553,0.06933516263961792
0.0011647961800917983,0.06885726749897003
0.0011767337564378977,0.06754086166620255
0.0011808434501290321,0.07002239674329758
0.001205773209221661,0.06919323652982712
0.001249239081516862,0.06804602593183517
0.001248347805812955,0.06881286948919296
0.0012387001188471913,0.06873010843992233
0.001311793806962669,0.07000385224819183
0.0012686281697824597,0.06861546635627747
0.0011740205809473991,0.06828442960977554
0.0011363846715539694,0.06962014734745026
0.001137172570452094,0.06891825795173645
0.0011348535772413015,0.06895885616540909
0.0010832578409463167,0.06906641274690628
0.001076792599633336,0.06971662491559982
0.0010651327902451158,0.06886136531829834
0.0010807702783495188,0.06981483846902847
0.0010890793055295944,0.06914246082305908
0.00110345846042037,0.06814423948526382
0.001127344206906855,0.06921201944351196
0.001141450833529234,0.06919464468955994
0.0012752176262438297,0.06967787444591522
0.0012692745076492429,0.06893603503704071
0.001324065146036446,0.06793780624866486
0.0013169108424335718,0.06952126324176788
0.001274730428121984,0.07015831768512726
0.001245778170414269,0.06770068407058716
0.0011710608378052711,0.0696186050772667
0.0011497053783386946,0.06880689412355423
0.0011057201772928238,0.06909938156604767
0.0010652634082362056,0.06896357238292694
0.001046127057634294,0.06835205852985382
0.001039318391121924,0.06831631809473038
0.0010086861439049244,0.06911138445138931
0.0010064843809232116,0.06908436864614487
0.0010405124630779028,0.06905939429998398
0.0010885139927268028,0.06985769420862198
0.001131465774960816,0.06925848126411438
0.0011338781332597136,0.06885796040296555
0.0011231484822928905,0.06944847106933594
0.001121440320275724,0.07007353007793427
0.0011294193100184202,0.06900353729724884
0.0010870754485949874,0.06964446604251862
0.0010814493289217353,0.06848928332328796
0.0011052306508645415,0.06925337016582489
0.0010493340669199824,0.06903635710477829
0.0010581681272014976,0.06912172585725784
0.0009953150292858481,0.0682874396443367
0.0009978616144508123,0.06935716420412064
0.000998806324787438,0.0691618099808693
0.0009863730520009995,0.06913825869560242
0.0009823208674788475,0.06901957094669342
0.000995861948467791,0.0689920112490654
0.0010061458451673388,0.06887641549110413
0.0010314794490113854,0.06863681972026825
0.001115000108256936,0.0682549923658371
0.0012181415222585201,0.06905610859394073
0.0012130353134125471,0.0690217837691307
0.0012509076623246074,0.06896834820508957
0.0011780732311308384,0.06962323933839798
0.0011241597821936011,0.06889859586954117
0.0011242312612012029,0.06900722533464432
0.0010658964747563004,0.069244883954525
0.0010240890551358461,0.06761463731527328
0.0010134070180356503,0.0690828412771225
0.0009852212388068438,0.0687544122338295
0.000982398632913828,0.06894992291927338
0.0009980561444535851,0.06914088875055313
0.0009674459579400718,0.06868593394756317
0.0009356269729323685,0.06908416002988815
0.0009401952847838402,0.06987210363149643
0.0009578909375704825,0.06943187862634659
0.00099398463498801,0.06935908645391464
0.0010100181680172682,0.0703277736902237
0.001039126655086875,0.06855572760105133
0.0010319193825125694,0.06892246752977371
0.0010462283389642835,0.06868989020586014
0.0010395909193903208,0.06974860280752182
0.0010152757167816162,0.06995420157909393
0.0009922597091645002,0.06777004897594452
0.0009672780288383365,0.06874849647283554
0.0009608318214304745,0.0691685676574707
0.0010067011462524533,0.06904096156358719
0.0009844036540016532,0.0680764690041542
0.0009580537443980575,0.06946549564599991
0.000979083008132875,0.06876334547996521
0.0010035343002527952,0.0699123814702034
0.0009621094213798642,0.069195955991745
0.0009404245647601783,0.06998690962791443
0.0009801983833312988,0.06904790550470352
0.0009987920057028532,0.07037749886512756
0.0009930797386914492,0.06894633173942566
0.0009640858042985201,0.0688847079873085
0.0009520486928522587,0.06950326263904572
0.000924516178201884,0.06944447010755539
0.0009522526524960995,0.06862257421016693
0.0009334394708275795,0.06965762376785278
0.0009049847722053528,0.06934983283281326
0.0009208802948705852,0.06936343014240265
0.0009121306939050555,0.07012873142957687
0.0009308920125477016,0.06853397190570831
0.0009327734005637467,0.06980209797620773
0.00093912921147421,0.06908532977104187
0.0009465907351113856,0.07016343623399734
0.0009651667787693441,0.06927859038114548
0.0009954196866601706,0.06903029978275299
0.0010142691899091005,0.06925072520971298
0.0010455186711624265,0.06984882056713104
0.001022467971779406,0.06856531649827957
0.001057713176123798,0.07019918411970139
0.0010981311788782477,0.06915822625160217
0.001159536768682301,0.06950914114713669
0.0011327681131660938,0.06845829635858536
0.0011203121393918991,0.06860587745904922
0.001076304353773594,0.06847107410430908
0.001080180169083178,0.06846451759338379
0.00103002751711756,0.06885548681020737
0.0010209344327449799,0.06967796385288239
0.0009821053827181458,0.06881505995988846
0.0009616647148504853,0.0685078352689743
0.0009707638528198004,0.06951767951250076
0.0009508354123681784,0.06970980763435364
0.0009551274124532938,0.06955094635486603
0.0009655834874138236,0.06907929480075836
0.0009542734478600323,0.06887951493263245
0.000944550905842334,0.07037131488323212
0.0009242038358934224,0.06948406994342804
0.0009198737097904086,0.06844963133335114
0.0008996792603284121,0.06837067008018494
0.0009003502782434225,0.06978558003902435
0.0009141340269707143,0.07023356854915619
0.0009353995556011796,0.06927195191383362
0.0009588080574758351,0.06937647610902786
0.0010003931820392609,0.06935063004493713
0.0010131032904610038,0.06815264374017715
0.0010183940175920725,0.06879577040672302
0.0009751351899467409,0.06827984005212784
0.0009377101087011397,0.06991077214479446
0.0009279216174036264,0.06952416151762009
0.0009191521676257253,0.06829570233821869
0.0009224977111443877,0.06946559995412827
0.000944604049436748,0.07005871087312698
0.0009265990811400115,0.06952805072069168
0.0009437304106540978,0.06867605447769165
0.0009110066457651556,0.07044969499111176
0.0009111560066230595,0.06990249454975128
0.000980406068265438,0.0698329284787178
0.0010245587909594178,0.06909696012735367
0.0010195341892540455,0.06860998272895813
0.0010082917287945747,0.06863240897655487
0.0009361748234368861,0.06907860934734344
0.0009020373690873384,0.0687422901391983
0.0008570663048885763,0.0694272369146347
0.0008398386999033391,0.06887048482894897
0.0008320354390889406,0.06939967721700668
0.0008070654585026205,0.06879312545061111
0.0008143301238305867,0.06950576603412628
0.0008115714881569147,0.06993072479963303
0.000806882104370743,0.06908382475376129
0.0008039252134039998,0.06965767592191696
0.0008065493311733007,0.06980521231889725
0.0008184332400560379,0.07024915516376495
0.0008176951087079942,0.06875094771385193
0.000820268876850605,0.0701586902141571
0.0008223318727687001,0.06937621533870697
0.0008085108711384237,0.06949367374181747
0.000813938386272639,0.06930575519800186
0.0008263448835350573,0.06921643763780594
0.0008409940637648106,0.06931927800178528
0.000860807893332094,0.06969114392995834
0.0009152169805020094,0.06980959326028824
0.0010058875195682049,0.07069576531648636
0.001002024277113378,0.06900592893362045
0.0010494060115888715,0.06981122493743896
0.0010319274151697755,0.06955431401729584
0.0010648249881342053,0.06898846477270126
0.0010043550282716751,0.06945955753326416
0.0009886574698612094,0.06986472010612488
0.0009413869120180607,0.07026933878660202
0.0009123596246354282,0.06960732489824295
0.0009152058628387749,0.06991493701934814
0.0009142805356532335,0.06838668137788773
0.0009712509927339852,0.06846630573272705
0.0010108264395967126,0.06887155771255493
0.001046565710566938,0.06812694668769836
0.0010390090756118298,0.06963372975587845
0.000935819698497653,0.06930964440107346
0.0008401211816817522,0.069639191031456
0.0008167571504600346,0.06868445128202438
0.0008173377718776464,0.07008387893438339
0.0007960500079207122,0.06902828812599182
0.0007975224871188402,0.06993523240089417
0.0007960472139529884,0.0684998631477356
0.0008019950473681092,0.07000904530286789
0.0008056032238528132,0.06966347247362137
0.000793282815720886,0.07043960690498352
0.0007957610068842769,0.06930729746818542
0.0007990185986272991,0.06914251297712326
0.0008107657195068896,0.06866896897554398
0.000826462113764137,0.06925279647111893
0.0008064358844421804,0.06969841569662094
0.0008106805616989732,0.07009882479906082
0.000829060678370297,0.06989265978336334
0.0008203392499126494,0.06925690919160843
0.0008076568483375013,0.07038338482379913
0.0008052682969719172,0.06978924572467804
0.0008139284909702837,0.06953134387731552
0.0008103357977233827,0.06953850388526917
0.0007921892683953047,0.06924501061439514
0.0008000239613465965,0.0697106346487999
0.000809759832918644,0.0693657249212265
0.0008590712095610797,0.06952030956745148
0.0008696856093592942,0.06987068802118301
0.0008449393208138645,0.069556824862957
0.0008620112203061581,0.0690823569893837
0.0008635757840238512,0.07023710012435913
0.0009208707488141954,0.07053714990615845
0.0009384560398757458,0.06815164536237717
0.0009362392011098564,0.06947508454322815
0.0009609233820810914,0.07152024656534195
0.0009666875121183693,0.06912634521722794
0.0009494011173956096,0.06979893147945404
0.0009814818622544408,0.06951189786195755
0.0009590325644239783,0.07006438821554184
0.000900043873116374,0.06843589246273041
0.0008819463546387851,0.06903137266635895
0.0008998806588351727,0.06926186382770538
0.0008495257934555411,0.06985538452863693
0.0008305643568746746,0.06807993352413177
0.0008367528789676726,0.06934794038534164
0.0008312046411447227,0.06911236047744751
0.0008182000601664186,0.06954474747180939
0.0008327196119353175,0.06955622881650925
0.0008451737812720239,0.06778812408447266
0.0008668038644827902,0.06843689829111099
0.0009055063710547984,0.06910363584756851
0.0008719859761185944,0.0692889615893364
0.0008446963038295507,0.06969860196113586
0.0008094438817352057,0.06948047876358032
0.0007983169052749872,0.06943187862634659
0.0007826339569874108,0.06936883926391602
0.0007807575748302042,0.06956465542316437
0.0008033062913455069,0.06953023374080658
0.000784300675150007,0.06983690708875656
0.0007852346170693636,0.06916902959346771
0.0007973924512043595,0.06919676065444946
0.000842344481498003,0.06952619552612305
0.0008801954099908471,0.06953965872526169
0.0008551581995561719,0.06850547343492508
0.0008336760220117867,0.06910634785890579
0.0008048437885008752,0.06895080208778381
0.0007927481783553958,0.06916310638189316
0.0007869050605222583,0.0693853348493576
0.0007984132971614599,0.06944851577281952
0.000775909167714417,0.06961258500814438
0.0007617884548380971,0.0689140036702156
0.0007559737423434854,0.06894382834434509
0.0007360476301982999,0.06923165917396545
0.0007414432475343347,0.06946057081222534
0.0007173627382144332,0.069654181599617
0.0007111863233149052,0.06919541209936142
0.0007504901150241494,0.06959052383899689
0.0007797039579600096,0.06916029006242752
0.0007950208964757621,0.06973003596067429
0.000798354740254581,0.06839550286531448
0.0007658206741325557,0.07029541581869125
0.0007446753443218768,0.06959041953086853
0.0007296720868907869,0.06950375437736511
0.0007142982794903219,0.0697416141629219
0.0006962230545468628,0.06982171535491943
0.0006992719718255103,0.06977786868810654
0.0007027687388472259,0.06946572661399841
0.0007187883602455258,0.06933731585741043
0.0007283940212801099,0.06944186985492706
0.0007179207750596106,0.06841818243265152
0.0007138949586078525,0.06880543380975723
0.000708710984326899,0.06885803490877151
0.0007299655699171126,0.0694381520152092
0.0007713870727457106,0.06919258087873459
0.0007657331298105419,0.06928890198469162
0.000745082856155932,0.06872456520795822
0.0007425529765896499,0.0698109045624733
0.00073583098128438,0.06938609480857849
0.0007395034190267324,0.06906971335411072
0.0007651590276509523,0.07008668035268784
0.0007872649584896863,0.07016948610544205
0.0007950137951411307,0.06922513246536255
0.0008024630369618535,0.06937797367572784
0.0008293666178360581,0.06880185753107071
0.0008004843257367611,0.06960611790418625
0.0008154484676197171,0.06845676153898239
0.0008328529074788094,0.06844854354858398
0.0008174889953806996,0.06851174682378769
0.0008551096543669701,0.0689004585146904
0.0008869384182617068,0.06821803003549576
0.0008601958979852498,0.06964564323425293
0.000841713510453701,0.0682012140750885
0.0008071906631812453,0.06932693719863892
0.0008304874645546079,0.06938446313142776
0.0008008379372768104,0.06833480298519135
0.000825804250780493,0.06876824051141739
0.000844706257339567,0.06855002045631409
0.0008773989975452423,0.06885846704244614
0.000883645610883832,0.06914748251438141
0.0008413643226958811,0.06818302720785141
0.0008580973371863365,0.06926608830690384
0.0008647367940284312,0.07032470405101776
0.0007980919908732176,0.06915833801031113
0.0007795974379405379,0.06926633417606354
0.0007646521553397179,0.06894977390766144
0.0007216997328214347,0.0694180354475975
0.0006938502774573863,0.0692576915025711
0.000692477566190064,0.06951834261417389
0.0006844517192803323,0.06907247006893158
0.0006934278644621372,0.06970950961112976
0.0006837531691417098,0.06917369365692139
0.0006720508099533617,0.06912712007761002
0.000671848829369992,0.06894844025373459
0.0006847036420367658,0.06952173262834549
0.0007014376460574567,0.06984824687242508
0.0007142942631617188,0.06927400827407837
0.0006835241802036762,0.06896282732486725
0.000682857702486217,0.06976963579654694
0.0007094753091223538,0.0695841833949089
0.0006975402357056737,0.06968338042497635
0.0006887429626658559,0.07064150273799896
0.0006902942550368607,0.06844007223844528
0.0007159564411267638,0.06969423592090607
0.0007231857744045556,0.06929829716682434
0.0007456649327650666,0.06985141336917877
0.0007368999067693949,0.0692506656050682
0.0007600899552926421,0.06911914795637131
0.0007801729370839894,0.07007167488336563
0.0007660319679416716,0.06882700324058533
0.0007548637222498655,0.06953538209199905
0.000718192954082042,0.06973371654748917
0.0007577890646643937,0.06887632608413696
0.0007680923445150256,0.0685352310538292
0.000739733106456697,0.06926483660936356
0.0007381938048638403,0.07043025642633438
0.0008186139748431742,0.0697627067565918
0.0008026906871236861,0.07024635374546051
0.0007856170414015651,0.06936884671449661
0.0007468148251064122,0.06815701723098755
0.0007211458869278431,0.06839068233966827
0.0007160874083638191,0.07008633762598038
0.000708197068888694,0.0689343810081482
0.0006834502564743161,0.06917240470647812
0.0006891305092722178,0.06939046829938889
0.0007029417902231216,0.06957059353590012
0.000718839408364147,0.0698612630367279
0.0007062097429297864,0.06935770064592361
0.000719951989594847,0.06912293285131454
0.0007115294574759901,0.06987489014863968
0.000703158846590668,0.06951889395713806
0.0006825730088166893,0.06926370412111282
0.0006922823959030211,0.06824667006731033
0.0007048854604363441,0.06985228508710861
0.0006820170674473047,0.06924816220998764
0.0006916007259860635,0.06939137727022171
0.0006850157515145838,0.07045149058103561
0.0006804416188970208,0.06904280185699463
0.0006488786893896759,0.06889452040195465
0.000627930392511189,0.06909368932247162
0.0006166888633742929,0.06919758021831512
0.0006023859605193138,0.06902653723955154
0.000611552910413593,0.06981339305639267
0.0006239794311113656,0.06952068209648132
0.0006132823182269931,0.06929072737693787
0.0006034980178810656,0.06959232687950134
0.0006133952992968261,0.06926437467336655
0.000653296650853008,0.06848286837339401
0.0006829625344835222,0.0690789446234703
0.0006825434393249452,0.06919491291046143
0.000703155470546335,0.06991083174943924
0.0007034914451651275,0.07145336270332336
0.0006930307717993855,0.06852924078702927
0.0007205065921880305,0.06935646384954453
0.0007264190353453159,0.06927024573087692
0.0007490668795071542,0.06996028870344162
0.0006917715654708445,0.06998953968286514
0.0006728977896273136,0.06949174404144287
0.0006872725207358599,0.0698174312710762
0.0007029046537354589,0.0688198059797287
0.000761064060498029,0.069761261343956
0.0008021930698305368,0.06979555636644363
0.0007716055843047798,0.06937115639448166
0.0007016393356025219,0.070025734603405
0.0006983204511925578,0.06892363727092743
0.0007447019452229142,0.06830140948295593
0.0007270369678735733,0.06885311007499695
0.0007372671971097589,0.0691986158490181
0.0007106281700544059,0.06892077624797821
0.0006719570956192911,0.06941278278827667
0.0006734315538778901,0.0688282698392868
0.0006358354585245252,0.06946221739053726
0.0006182880024425685,0.06874855607748032
0.0006031956290826201,0.06948461383581161
0.0005891025648452342,0.06926055997610092
0.0005897992523387074,0.06938965618610382
0.0005835394258610904,0.06899972259998322
0.0006032159435562789,0.06888192147016525
0.0006089451489970088,0.06972704827785492
0.0006050184019841254,0.06927148252725601
0.0006137962336651981,0.06902505457401276
0.0006315077771432698,0.06892717629671097
0.0006724323611706495,0.06843562424182892
0.0007026874227449298,0.06916624307632446
0.0006773668574169278,0.069835364818573
0.0006809540209360421,0.06899778544902802
0.0007221841951832175,0.06923554837703705
0.0007475896854884923,0.06844370067119598
0.0007014977163635194,0.06986743956804276
0.0006362610729411244,0.06902767717838287
0.000649371009785682,0.06910484284162521
0.0006197576876729727,0.0682840570807457
0.0006011002114973962,0.06870926916599274
0.0005801866645924747,0.06985339522361755
0.0005731004057452083,0.06927694380283356
0.0005909349420107901,0.06974069029092789
0.0006432171794585884,0.06922834366559982
0.0006596800521947443,0.0690164640545845
0.0006435400573536754,0.06940709799528122
0.000637154676951468,0.069869264960289
0.0006405411404557526,0.06974334269762039
0.0006260201917029917,0.06935594975948334
0.0006345791043713689,0.06898181885480881
0.0006595755112357438,0.0696180984377861
0.000682395591866225,0.06859126687049866
0.000840887485537678,0.07039804756641388
0.000867657654453069,0.06907475739717484
0.0008100690902210772,0.06960685551166534
0.0007346527418121696,0.0691930428147316
0.0006574140279553831,0.06946376711130142
0.0006015092367306352,0.06879691034555435
0.0005841687088832259,0.06964225322008133
0.0005822235834784806,0.06871962547302246
0.0005777508486062288,0.06938044726848602
0.0005679468740709126,0.06920662522315979
0.0005719903274439275,0.06899692863225937
0.0005803080275654793,0.06940753012895584
0.0006022948073223233,0.068583182990551
0.0006356359808705747,0.06920549273490906
0.0006628184346482158,0.07123001664876938
0.0006616875762119889,0.06913816928863525
0.0006916628335602582,0.0683538094162941
0.0007458194741047919,0.06798027455806732
0.0007592906476929784,0.06826527416706085
0.0007669827900826931,0.06863954663276672
0.0007326121558435261,0.06933455169200897
0.000664208666421473,0.06936624646186829
0.0006231720326468349,0.06871430575847626
0.0005999410641379654,0.06882018595933914
0.00058286904823035,0.06848619878292084
0.0005561780999414623,0.06906811147928238
0.0005495289224199951,0.06835517287254333
0.0005541099817492068,0.0691889151930809
0.0005620553274638951,0.06896425783634186
0.000550301163457334,0.06898012012243271
0.0005492572672665119,0.06921958923339844
0.0005527400062419474,0.06857115030288696
0.000560021901037544,0.06900859624147415
0.000539384491275996,0.06954247504472733
0.0005412030150182545,0.06942860037088394
0.0005654498818330467,0.06829340010881424
0.00056314846733585,0.06870640814304352
0.0005659409798681736,0.06859371066093445
0.0005752456490881741,0.06918793171644211
0.0005781560321338475,0.0690942034125328
0.0005670167156495154,0.06947691738605499
0.0005496842204593122,0.0695376843214035
0.0005700535257346928,0.06862077862024307
0.0006700194207951427,0.06981462240219116
0.0007253626827150583,0.0691329836845398
0.000765404081903398,0.06889302283525467
0.0007669723127037287,0.07004499435424805
0.0007431668927893043,0.06968685984611511
0.0007539152866229415,0.06835450232028961
0.0007177178049460053,0.06995061784982681
0.00066761503694579,0.07005968689918518
0.0006255756015889347,0.0694209560751915
0.0006189695559442043,0.06921102106571198
0.0006250830483622849,0.0689166858792305
0.0006612359429709613,0.06865018606185913
0.0006274226470850408,0.06961128115653992
0.0006018783315084875,0.06852207332849503
0.0005867834552191198,0.06855534017086029
0.0005673372070305049,0.0692305937409401
0.0005395804182626307,0.06925169378519058
0.0005258973105810583,0.06879635900259018
0.0005296271992847323,0.06878353655338287
0.0005380520597100258,0.06921348720788956
0.0005393458413891494,0.06927940249443054
0.0005596872651949525,0.0697145015001297
0.0005626245983876288,0.06934374570846558
0.0005613023531623185,0.06916636973619461
0.0005563622107729316,0.06939950585365295
0.0005588135682046413,0.06927186995744705
0.0005525118904188275,0.06870387494564056
0.000567216775380075,0.06909433007240295
0.000558990694116801,0.06891141831874847
0.0005484332796186209,0.06907784193754196
0.0005609617801383138,0.0694308653473854
0.0005670186365023255,0.06951750069856644
0.0005923178396187723,0.06892789155244827
0.0006280910456553102,0.06839465349912643
0.0006452195812016726,0.06918498873710632
0.0006326623260974884,0.06887026131153107
0.0005993245868012309,0.06903400272130966
0.0005826979759149253,0.06867025792598724
0.0005749541451223195,0.06906581670045853
0.0005629914812743664,0.0690746158361435
0.0005547552718780935,0.0689815953373909
0.0005407494027167559,0.06956904381513596
0.000550480093806982,0.07005422562360764
0.000575599551666528,0.06874525547027588
0.0006276339991018176,0.06957662105560303
0.0006253694882616401,0.06925388425588608
0.0005951797356829047,0.0693359225988388
0.0005922718555666506,0.06955806165933609
0.0006535288994200528,0.0691392794251442
0.0006645634421147406,0.06864342093467712
0.0006406329921446741,0.0695762187242508
0.0006911918753758073,0.06887390464544296
0.0007136448402889073,0.06907059997320175
0.0006723537226207554,0.06980139017105103
0.0005919707473367453,0.06934438645839691
0.0005841085803695023,0.06895120441913605
0.0006190978456288576,0.06933832168579102
0.000572420482058078,0.0689224973320961
0.0005645386991091073,0.06957519799470901
0.0005669294041581452,0.06900013983249664
0.0005631883395835757,0.06902139633893967
0.000534295104444027,0.06940706074237823
0.0005561183788813651,0.0691114142537117
0.0005524143925867975,0.06888237595558167
0.0005409462028183043,0.06828165799379349
0.000530254386831075,0.06938502937555313
0.000526182004250586,0.06943335384130478
0.000520490575581789,0.06945770233869553
0.0005242397892288864,0.0694587379693985
0.0005268608801998198,0.06855829060077667
0.0005178505089133978,0.06932633370161057
0.0005373480962589383,0.0691651925444603
0.0005336878239177167,0.06857683509588242
0.0005520776030607522,0.06920506060123444
0.0005640446324832737,0.0693172961473465
0.0005499240942299366,0.06891930848360062
0.0005532727227546275,0.06935785710811615
0.0005629769875667989,0.06899760663509369
0.0005579351563937962,0.06950711458921432
0.0005504980217665434,0.06930940598249435
0.0005488921306096017,0.06898383051156998
0.0005520453560166061,0.06925561279058456
0.0005478942766785622,0.06861834973096848
0.0005484820576384664,0.07004185765981674
0.000556708371732384,0.06899463385343552
0.0005417637876234949,0.06821409612894058
0.0005360770737752318,0.06908533722162247
0.0005257937009446323,0.06942939013242722
0.000521537265740335,0.07003266364336014
0.0005487645394168794,0.06845875829458237
0.0005712900310754776,0.06943860650062561
0.0005710992263630033,0.06872357428073883
0.0005607327329926193,0.0687226802110672
0.0005529088666662574,0.06885525584220886
0.000583900255151093,0.06891307979822159
0.0005620667361654341,0.0685105100274086
0.0005236482247710228,0.0701502338051796
0.0005003403057344258,0.06867926567792892
0.0004873790603596717,0.06891831755638123
0.00048245704965665936,0.06911271810531616
0.0004937529447488487,0.06988568603992462
0.0004922987427562475,0.06923011690378189
0.0005478679086081684,0.06873904168605804
0.0005727019160985947,0.0687987431883812
0.0005823379033245146,0.07010992616415024
0.0005466360016725957,0.0690532922744751
0.0005219953018240631,0.06897807121276855
0.000512906291987747,0.06934794783592224
0.0005090500344522297,0.06971777230501175
0.0005048197344876826,0.06928703188896179
0.0005166481714695692,0.06877405196428299
0.0005050624604336917,0.06925839930772781
0.000501361268106848,0.06902240216732025
0.0005042401608079672,0.06926862895488739
0.0004999058437533677,0.0696989968419075
0.00048390935990028083,0.06963934004306793
0.000484770949697122,0.06877067685127258
0.000507161021232605,0.06885126978158951
0.0005054516950622201,0.06927692890167236
0.0005032091867178679,0.06860948354005814
0.0005034396308474243,0.06903247535228729
0.0005060179391875863,0.06898527592420578
0.0005005039274692535,0.06932120770215988
0.0005025858408771455,0.06972447782754898
0.0005097073153592646,0.06914621591567993
0.0005066980957053602,0.0689375251531601
0.0005277083837427199,0.06855711340904236
0.0005318397888913751,0.06950017064809799
0.0005314499721862376,0.07109049707651138
0.0005356167093850672,0.06897705048322678
0.0005406859563663602,0.06936492025852203
0.0005605302867479622,0.06894616037607193
0.0005592675297521055,0.06947606801986694
0.0005884987767785788,0.06993643939495087
0.0006547808297909796,0.06869331002235413
0.00069878512294963,0.06867212802171707
0.0007136886706575751,0.0676829069852829
0.0007437582826241851,0.06917067617177963
0.0006535578868351877,0.06919653713703156
0.0006368380854837596,0.06935851275920868
0.00057774264132604,0.06866728514432907
0.0005364536191336811,0.06909820437431335
0.0005392112070694566,0.06810329854488373
0.0005093705840408802,0.06847940385341644
0.0004890578566119075,0.06843886524438858
0.00046703056432306767,0.06890827417373657
0.0004558960790745914,0.06833330541849136
0.0004620967374648899,0.06887851655483246
0.00045258633326739073,0.06887929141521454
0.0004447565879672766,0.06895463168621063
0.0004376005963422358,0.06931034475564957
0.0004332836833782494,0.06871359050273895
0.0004347351787146181,0.06910251080989838
0.00044211451313458383,0.06903223693370819
0.0004457294417079538,0.06913632154464722
0.00044464817619882524,0.06938307732343674
0.00045240213512443006,0.06951110064983368
0.0004663938598241657,0.06916843354701996
0.00046191932051442564,0.06935285031795502
0.00045821169624105096,0.06928519159555435
0.0004470233398023993,0.06897032260894775
0.00045033497735857964,0.0688922330737114
0.0004662136489059776,0.06965512782335281
0.00047596098738722503,0.06909570097923279
0.0004927474656142294,0.06885920464992523
0.0004910840652883053,0.07028582692146301
0.0004973555915057659,0.0685967206954956
0.0005176003905944526,0.06869091838598251
0.0005021339748054743,0.06979524344205856
0.000515761028509587,0.06874892860651016
0.0005101425340399146,0.06843512505292892
0.000510621874127537,0.06919293850660324
0.0005257843877188861,0.06924435496330261
0.0005197252612560987,0.06911099702119827
0.0005281308549456298,0.0697590708732605
0.0005219237646088004,0.06880723685026169
0.0005658832378685474,0.06933055073022842
0.0005689022364094853,0.06909023225307465
0.0005324258818291128,0.06859667599201202
0.0005328847910277545,0.06767116487026215
0.0005428444128483534,0.06866898387670517
0.0005635286215692759,0.06948929280042648
0.0005598910502158105,0.06914219260215759
0.0005504442960955203,0.06870538741350174
0.0005433353944681585,0.06844218820333481
0.0004891278804279864,0.06920140236616135
0.0004956102930009365,0.06842579692602158
0.00047829977120272815,0.0682995468378067
0.0004826811491511762,0.06888937950134277
0.0004843492351938039,0.06868018954992294
0.000474822852993384,0.0684991404414177
0.0004366015491541475,0.06893525272607803
0.0004338811559136957,0.06910272687673569
0.00043567587272264063,0.06895164400339127
0.0004289711359888315,0.06946390867233276
0.000427718652645126,0.06847167015075684
0.0004207231686450541,0.06867169588804245
0.0004101017548236996,0.06893054395914078
0.0004153714398853481,0.06890098005533218
0.00040776983951218426,0.06831875443458557
0.00041069649159908295,0.0686022937297821
0.0004063768428750336,0.06874259561300278
0.0004025495145469904,0.06920341402292252
0.0004082125669810921,0.06952884793281555
0.0004092551826033741,0.06875983625650406
0.0004130792513024062,0.06920189410448074
0.00041838421020656824,0.06897556036710739
0.00043827714398503304,0.06872960925102234
0.0004467293038032949,0.0687870979309082
0.0004659919941332191,0.06884251534938812
0.0004961037775501609,0.06866990774869919
0.0005088977632112801,0.06850118935108185
0.0005147397168911994,0.06954074651002884
0.0005444491980597377,0.06831733882427216
0.0005806896951980889,0.06873022019863129
0.000612432777415961,0.06901344656944275
0.0006568487151525915,0.06961510330438614
0.0006507025100290775,0.06751338392496109
0.0006311275064945221,0.06900204718112946
0.0005664035561494529,0.06778393685817719
0.0005431429017335176,0.0686781257390976
0.0005403871764428914,0.06865211576223373
0.0005408201832324266,0.067560113966465
0.0005638683796860278,0.06895866990089417
0.0005473748315125704,0.06968966126441956
0.0005144788301549852,0.0685160905122757
0.0004916483885608613,0.0685766190290451
0.00047238299157470465,0.06850869208574295
0.00044848633115179837,0.06927218288183212
0.0004460455384105444,0.06826747953891754
0.0004384914645925164,0.06812000274658203
0.00044521232484839857,0.06898858398199081
0.00041836773743852973,0.06854965537786484
0.00040392205119132996,0.0687885656952858
0.00040570771670900285,0.068836510181427
0.0004023029759991914,0.06845183670520782
0.00040859635919332504,0.06915584206581116
0.00039989518700167537,0.06871435046195984
0.00039100050344131887,0.06894765794277191
0.0003931662067770958,0.06924884766340256
0.00040037938742898405,0.06887422502040863
0.0004120214143767953,0.06826262921094894
0.0004180156684014946,0.06848816573619843
0.00042284754454158247,0.06856171786785126
0.00041669447091408074,0.06896951049566269
0.00041243870509788394,0.06849917769432068
0.00040983528015203774,0.06891071051359177
0.0004191424523014575,0.06830254197120667
0.00042857261723838747,0.06886658817529678
0.00043705757707357407,0.06883157044649124
0.0004177770751994103,0.0685029998421669
0.00042109726928174496,0.06893286854028702
0.0004211636842228472,0.06911388039588928
0.00044116147910244763,0.06850794702768326
0.00045704125659540296,0.06812865287065506
0.00048819667426869273,0.06856414675712585
0.0005148574127815664,0.06905172765254974
0.0005230258102528751,0.06905511766672134
0.0005332421278581023,0.06850215792655945
0.0005442589754238725,0.06872545927762985
0.0005443401169031858,0.0687265396118164
0.0005245009670034051,0.06839439272880554
0.0005470390315167606,0.06898100674152374
0.0005517033860087395,0.06854891031980515
0.0005572253139689565,0.06808667629957199
0.0005621829768642783,0.06852946430444717
0.0005850830348208547,0.06864739209413528
0.0005485935253091156,0.0688103586435318
0.0004938295460306108,0.06867744773626328
0.0004734214744530618,0.06816679239273071
0.00046750286128371954,0.06875373423099518
0.00046131553244777024,0.06879650801420212
0.00044169306056573987,0.0679548904299736
0.0004470148414839059,0.06880000978708267
0.00042819668306037784,0.06852078437805176
0.0004133192705921829,0.06936297565698624
0.00042072730138897896,0.06886335462331772
0.0004167257866356522,0.06858690083026886
0.000420441065216437,0.06876492500305176
0.0004110284789931029,0.06869642436504364
0.0004004300863016397,0.0685284435749054
0.00039969274075701833,0.06902188062667847
0.0003984009672421962,0.06881342083215714
0.0004015127196907997,0.06891836225986481
0.00040707134758122265,0.06904717534780502
0.00040512371924705803,0.06853383779525757
0.00040354180964641273,0.0688227117061615
0.0003999899490736425,0.06910254806280136
0.0004132462199777365,0.06898745894432068
0.00041364922071807086,0.06858135759830475
0.0004225533048156649,0.06850118190050125
0.00042091644718311727,0.06854772567749023
0.000419611664256081,0.06863685697317123
0.0004261929134372622,0.06865117698907852
0.00042662108899094164,0.06803750991821289
0.00042840599780902267,0.06786517798900604
0.00042707021930254996,0.06909691542387009
0.0004216140659991652,0.06914839893579483
0.0004574090417008847,0.06849952787160873
0.00045830797171220183,0.06860114634037018
0.0004473448498174548,0.06891680508852005
0.0004578284570015967,0.0685296580195427
0.00045790630974806845,0.06835373491048813
0.00046008810750208795,0.0692533552646637
0.00044261253788135946,0.06902141869068146
0.0004248654004186392,0.06918106228113174
0.0004132545436732471,0.0690746083855629
0.00041860126657411456,0.06947056949138641
0.0004409346147440374,0.06875336915254593
0.00041380428592674434,0.06888177990913391
0.0004027813847642392,0.06899350881576538
0.00038870819844305515,0.06882168352603912
0.0003909354854840785,0.0691550001502037
0.00041620683623477817,0.06875243037939072
0.00041618128307163715,0.06835414469242096
0.0004459798219613731,0.06812280416488647
0.00046092693810351193,0.06854631006717682
0.000467113743070513,0.06843246519565582
0.0004896236932836473,0.06822063773870468
0.0005070610204711556,0.06861060112714767
0.0005057347007095814,0.06929651647806168
0.0005194653058424592,0.0689493864774704
0.0005340638454072177,0.06906373798847198
0.0005372992600314319,0.06924343854188919
0.0004848600074183196,0.06832416355609894
0.0004575240600388497,0.06846576929092407
0.00044801976764574647,0.0684085413813591
0.00044238154077902436,0.06876096874475479
0.00042285973904654384,0.0685495063662529
0.00040201618685387075,0.06789393723011017
0.00039393940824083984,0.06818139553070068
0.00038896582555025816,0.06826215982437134
0.00037352798972278833,0.06853890419006348
0.0003674354520626366,0.06862515956163406
0.00037013532710261643,0.06835750490427017
0.00037219375371932983,0.06824033707380295
0.00037700391840189695,0.06885762512683868
0.00038191312341950834,0.06846325099468231
0.00038426421815529466,0.06845279783010483
0.0004016313177999109,0.06875842064619064
0.0003938226727768779,0.0687294453382492
0.00039022669079713523,0.06896239519119263
0.0004013721481896937,0.0691632628440857
0.00041437294567003846,0.06820833683013916
0.0004279479035176337,0.06889837235212326
0.00043946702498942614,0.06909267604351044
0.00043348059989511967,0.06864065676927567
0.0004159810778219253,0.0684531107544899
0.00041657453402876854,0.06871754676103592
0.00040820156573317945,0.06874565780162811
0.00040236374479718506,0.0683387964963913
0.0003950644750148058,0.06893903762102127
0.0003984437498729676,0.06853874772787094
0.0004018215404357761,0.0690145492553711
0.00040951507980935276,0.06864894926548004
0.0004282519512344152,0.06854192167520523
0.0004311993543524295,0.06910683959722519
0.000435656780609861,0.06862905621528625
0.0004325427580624819,0.06877154111862183
0.00042388628935441375,0.06810854375362396
0.0004129292501602322,0.06860382109880447
0.000418095791246742,0.06853096932172775
0.00040248053846880794,0.06895098090171814
0.00040648304275237024,0.06831060349941254
0.0004354352713562548,0.068216472864151
0.00044005014933645725,0.06804748624563217
0.00043765551527030766,0.06901518255472183
0.0004434120492078364,0.06866366416215897
0.00042849400779232383,0.06805523484945297
0.0004278425476513803,0.06829720735549927
0.0004458471084944904,0.06905738264322281
0.00043491102405823767,0.06852467358112335
0.00048303385847248137,0.06921280175447464
0.0004483857483137399,0.06867510080337524
0.0004336172132752836,0.06857819855213165
0.0004157086950726807,0.06858934462070465
0.00039745555841363966,0.06793757528066635
0.0003784028231166303,0.06766439229249954
0.00036978302523493767,0.06807499378919601
0.0003629212733358145,0.06853952258825302
0.0003479564329609275,0.06810782849788666
0.00034139788476750255,0.06870739161968231
0.0003334189532324672,0.06850066781044006
0.00033670509583316743,0.06824486702680588
0.0003339145623613149,0.06825236231088638
0.00033454445656389,0.0686906948685646
0.0003359306720085442,0.06855794042348862
0.0003357397799845785,0.06822028756141663
0.0003426883486099541,0.06876014918088913
0.00034506883821450174,0.06828473508358002
0.00034815838444046676,0.06822903454303741
0.000360297504812479,0.06810329109430313
0.0003773155913222581,0.06853686273097992
0.0003939484304282814,0.06804139167070389
0.0004147941363044083,0.06886619329452515
0.0004290099604986608,0.06781692802906036
0.000452943320851773,0.06883714348077774
0.0004351498791947961,0.06809555739164352
0.00042134494287893176,0.06847050040960312
0.00043212203308939934,0.06837214529514313
0.00045602195314131677,0.06851902604103088
0.0005108039476908743,0.06870435178279877
0.0005927807069383562,0.06748419255018234
0.0006300228415057063,0.06709360331296921
0.0005493045900948346,0.0681316927075386
0.0004894058220088482,0.06743654608726501
0.0004540819791145623,0.06826192885637283
0.0004219749534968287,0.06763287633657455
0.0003993749269284308,0.06878144294023514
0.0003801333368755877,0.06794117391109467
0.00037578324554488063,0.0682377889752388
0.0003642472147475928,0.06866580247879028
0.0003604961384553462,0.0683346539735794
0.0003526087384670973,0.06807910650968552
0.0003388973418623209,0.0683036744594574
0.0003379817062523216,0.06866181641817093
0.0003329348110128194,0.06859574466943741
0.0003218192723579705,0.06814413517713547
0.0003169550036545843,0.0684434249997139
0.0003167264221701771,0.06835752725601196
0.00031588104320690036,0.06828401982784271
0.0003205232787877321,0.06833405792713165
0.00033330978476442397,0.06896433979272842
0.0003400991845410317,0.06858658790588379
0.00033522004378028214,0.06844402104616165
0.00034145236713811755,0.06856458634138107
0.00035269418731331825,0.06835433840751648
0.00034776126267388463,0.06891848146915436
0.0003452898235991597,0.06794114410877228
0.0003492578980512917,0.06839897483587265
0.0003636900510173291,0.06804144382476807
0.0003910851082764566,0.06751000881195068
0.00040249028825201094,0.06839864701032639
0.0004085458640474826,0.06850258260965347
0.0003882188757415861,0.06852174550294876
0.00039988470962271094,0.06853484362363815
0.0003932300896849483,0.06784948706626892
0.0003905484336428344,0.06866316497325897
0.0003963311028201133,0.06878630816936493
0.0004338601720519364,0.06790901720523834
0.0004520151996985078,0.06922300159931183
0.00042918030521832407,0.06931152939796448
0.0004026317910756916,0.06828054040670395
0.0003882227756548673,0.06840323656797409
0.0003654547326732427,0.06891758739948273
0.0003706721181515604,0.06789404153823853
0.0003693227772600949,0.06816931068897247
0.00035796326119452715,0.06821496039628983
0.0003678426146507263,0.06834905594587326
0.0003969758399762213,0.06878293305635452
0.00038422225043177605,0.0684063732624054
0.00037231892929412425,0.06788413971662521
0.00039249364635907114,0.06853464245796204
0.00038206414319574833,0.06800902634859085
0.00038914562901481986,0.06829525530338287
0.0004133212787564844,0.06814923137426376
0.00039424403803423047,0.06870628893375397
0.00039521706639789045,0.0686178058385849
0.00038905307883396745,0.06886240839958191
0.00038992767804302275,0.06815363466739655
0.0003716062055900693,0.06834731251001358
0.00037107360549271107,0.068600133061409
0.0003937525034416467,0.06892473250627518
0.00039350218139588833,0.06772192567586899
0.00036733990418724716,0.06779835373163223
0.00036645171348936856,0.06782793998718262
0.00036194708081893623,0.06815355271100998
0.0003742121043615043,0.06807577610015869
0.0003733612538781017,0.06788597255945206
0.00036244140937924385,0.06787042319774628
0.0003645889519248158,0.06800562143325806
0.00035690615186467767,0.06847725063562393
0.000359841447789222,0.06833604723215103
0.0003598843759391457,0.06887596100568771
0.0003467071510385722,0.06894174963235855
0.0003446039045229554,0.06822424381971359
0.00033717931364662945,0.0682937353849411
0.0003333941858727485,0.06848324835300446
0.0003270323504693806,0.06806883960962296
0.00032211432699114084,0.0686132162809372
0.000317293539410457,0.06821449846029282
0.0003109867393504828,0.06833994388580322
0.0003123475762549788,0.06806407123804092
0.0003120217297691852,0.06837735325098038
0.00031911596306599677,0.06829504668712616
0.0003249440633226186,0.06825676560401917
0.0003241608792450279,0.068313829600811
0.0003258332726545632,0.06820251047611237
0.00033233227441087365,0.0683765560388565
0.0003492973919492215,0.06820836663246155
0.0003481140302028507,0.0690217837691307
0.0003692232712637633,0.0689430981874466
0.0003968131495639682,0.06789848208427429
0.0004115363990422338,0.06808749586343765
0.0004350415547378361,0.06815299391746521
0.00042584355105645955,0.06865036487579346
0.00040292207268066704,0.06881646811962128
0.0003838985867332667,0.06801187992095947
0.0003634943859651685,0.0683852955698967
0.00035811818088404834,0.06796283274888992
0.00034890457754954696,0.06881976872682571
0.0003527269000187516,0.06808316707611084
0.00034864689223468304,0.0679582953453064
0.00035573026980273426,0.06849534064531326
0.00035808628308586776,0.06823388487100601
0.0003564940416254103,0.06832634657621384
0.00036157056456431746,0.06883158534765244
0.00035518751246854663,0.0679510086774826
0.0003520340542308986,0.0678965151309967
0.00034522253554314375,0.06833935528993607
0.0003611602878663689,0.0679682195186615
0.00037237099604681134,0.06813932955265045
0.00038352172123268247,0.06873117387294769
0.00037695502396672964,0.06781180948019028
0.00037453806726261973,0.06804642081260681
0.000364575011190027,0.06801913678646088
0.00035004792152903974,0.0682024210691452
0.00034277269151061773,0.06852085888385773
0.00034445567871443927,0.069269098341465
0.00033347829594276845,0.06821127980947495
0.0003221393853891641,0.06860866397619247
0.0003262109821662307,0.0684623271226883
0.00033484690356999636,0.06819666177034378
0.0003478922008071095,0.0675802230834961
0.0003555934817995876,0.0678490698337555
0.000373642920749262,0.067848339676857
0.0003656925691757351,0.06927654147148132
0.00036148616345599294,0.06757309287786484
0.0003588335239328444,0.0679754912853241
0.00034855870762839913,0.06824091076850891
0.0003569918917492032,0.06825192272663116
0.00036876913509331644,0.06868012249469757
0.0003560934273991734,0.06862175464630127
0.00035305609344504774,0.06826052814722061
0.000346457032719627,0.06805386394262314
0.0003412296646274626,0.06769400089979172
0.0003293846966698766,0.06805326044559479
0.0003259525110479444,0.06790361553430557
0.0003163930377922952,0.06800464540719986
0.0003177841426804662,0.06805107742547989
0.0003118439926765859,0.06788111478090286
0.0003119410830549896,0.06824962049722672
0.0003138755273539573,0.06829304993152618
0.0003226317057851702,0.06818249821662903
0.0003255491319578141,0.06844521313905716
0.000321810191962868,0.0684451013803482
0.0003197697806172073,0.06857013702392578
0.0003294019552413374,0.06870866566896439
0.0003435406251810491,0.06785068660974503
0.00035196036333218217,0.0678962841629982
0.00036518025444820523,0.06863926351070404
0.00036099887802265584,0.06868536025285721
0.0003512083785608411,0.06822771579027176
0.00032856990583240986,0.06830234080553055
0.00033156719291582704,0.0684499517083168
0.00033020941191352904,0.06798387318849564
0.00033664682996459305,0.0686718076467514
0.0003382809227332473,0.0681006982922554
0.0003378987603355199,0.06848527491092682
0.0003286349819973111,0.06788613647222519
0.0003300571406725794,0.06839188188314438
0.00033097152481786907,0.06855010986328125
0.0003266902931500226,0.06853107362985611
0.00032918050419539213,0.0683111920952797
0.00033282069489359856,0.06824982911348343
0.00033503075246699154,0.06744024157524109
0.00033434262149967253,0.06822468340396881
0.0003292245673947036,0.06821057945489883
0.0003328555030748248,0.06860223412513733
0.00033417248050682247,0.06809953600168228
0.0003235025214962661,0.06822662800550461
0.0003304801066406071,0.06797745078802109
0.00033699901541695,0.06873702257871628
0.0003566710220184177,0.06837097555398941
0.00036418845411390066,0.06843926757574081
0.0003663880343083292,0.06849788874387741
0.00036937117693014443,0.06824018806219101
0.0003666371339932084,0.06801086664199829
0.00034743922878988087,0.06825725734233856
0.00034138094633817673,0.06829283386468887
0.00032701529562473297,0.06861783564090729
0.0003495446580927819,0.06827650964260101
